,j,a,c,Type,Time,Yard,Shift
868,0,5,1,D,240,D,240
869,1,9,1,D,240,D,240
870,2,5,2,D,252,D,240
871,3,9,2,D,252,D,240
872,4,5,3,D,264,D,240
873,5,9,3,D,264,D,240
874,6,9,4,D,276,D,240
875,7,5,4,D,276,D,240
876,8,5,5,D,288,D,240
877,9,9,5,D,288,D,240
878,10,5,6,D,300,D,240
879,11,9,6,D,300,D,240
880,12,6,1,A,312,D,240
881,13,5,7,D,312,D,240
882,14,9,7,D,312,D,240
883,15,10,1,A,315,D,240
884,16,6,2,A,324,D,240
885,17,9,8,D,324,D,240
886,18,5,8,D,324,D,240
887,19,10,2,A,327,D,240
888,20,9,9,D,336,D,240
889,21,6,3,A,336,D,240
890,22,5,9,D,336,D,240
891,23,10,3,A,339,D,240
892,24,9,10,D,348,D,240
893,25,6,4,A,348,D,240
894,26,5,10,D,348,D,240
895,27,10,4,A,351,D,240
896,28,9,11,D,360,D,360
897,29,5,11,D,360,D,360
898,30,6,5,A,360,D,360
899,31,10,5,A,363,D,360
900,32,5,12,D,372,D,360
901,33,9,12,D,372,D,360
902,34,6,6,A,372,D,360
903,35,10,6,A,375,D,360
904,36,5,13,D,384,D,360
905,37,9,13,D,384,D,360
906,38,6,7,A,384,D,360
907,39,10,7,A,387,D,360
908,40,5,14,D,396,D,360
909,41,6,8,A,396,D,360
910,42,9,14,D,396,D,360
911,43,10,8,A,399,D,360
912,44,6,9,A,408,D,360
913,45,5,15,D,408,D,360
914,46,9,15,D,408,D,360
915,47,10,9,A,411,D,360
916,48,5,16,D,420,D,360
917,49,6,10,A,420,D,360
918,50,9,16,D,420,D,360
919,51,10,10,A,423,D,360
920,52,6,11,A,432,D,360
921,53,9,17,D,432,D,360
922,54,5,17,D,432,D,360
923,55,10,11,A,435,D,360
924,56,9,18,D,444,D,360
925,57,6,12,A,444,D,360
926,58,5,18,D,444,D,360
927,59,10,12,A,447,D,360
928,60,10,13,A,450,D,360
929,61,6,13,A,450,D,360
930,62,6,14,A,456,D,360
931,63,9,19,D,456,D,360
932,64,5,19,D,456,D,360
933,65,10,14,A,459,D,360
934,66,6,15,A,468,D,360
935,67,5,20,D,468,D,360
936,68,9,20,D,468,D,360
937,69,10,15,A,471,D,360
938,70,5,21,D,480,D,480
939,71,6,16,A,480,D,480
940,72,9,21,D,480,D,480
941,73,10,16,A,483,D,480
942,74,5,22,D,492,D,480
943,75,9,22,D,492,D,480
944,76,6,17,A,492,D,480
945,77,10,17,A,495,D,480
946,78,5,23,D,504,D,480
947,79,6,18,A,504,D,480
948,80,9,23,D,504,D,480
949,81,10,18,A,507,D,480
950,82,10,19,A,510,D,480
951,83,6,19,A,510,D,480
952,84,9,24,D,516,D,480
953,85,5,24,D,516,D,480
954,86,6,20,A,516,D,480
955,87,10,20,A,519,D,480
956,88,6,21,A,528,D,480
957,89,9,25,D,528,D,480
958,90,5,25,D,528,D,480
959,91,10,21,A,531,D,480
960,92,6,22,A,540,D,480
961,93,9,26,D,540,D,480
962,94,5,26,D,540,D,480
963,95,10,22,A,543,D,480
964,96,5,27,D,552,D,480
965,97,9,27,D,552,D,480
966,98,6,23,A,552,D,480
967,99,10,23,A,555,D,480
968,100,5,28,D,564,D,480
969,101,6,24,A,564,D,480
970,102,9,28,D,564,D,480
971,103,10,24,A,567,D,480
972,104,6,25,A,570,D,480
973,105,10,25,A,570,D,480
974,106,5,29,D,576,D,480
975,107,9,29,D,576,D,480
976,108,6,26,A,576,D,480
977,109,10,26,A,579,D,480
978,110,6,27,A,588,D,480
979,111,5,30,D,588,D,480
980,112,9,30,D,588,D,480
981,113,10,27,A,591,D,480
982,114,5,31,D,600,D,600
983,115,9,31,D,600,D,600
984,116,6,28,A,600,D,600
985,117,10,28,A,603,D,600
986,118,5,32,D,612,D,600
987,119,9,32,D,612,D,600
988,120,6,29,A,612,D,600
989,121,10,29,A,615,D,600
990,122,9,33,D,624,D,600
991,123,6,30,A,624,D,600
992,124,5,33,D,624,D,600
993,125,10,30,A,627,D,600
994,126,6,31,A,636,D,600
995,127,5,34,D,636,D,600
996,128,9,34,D,636,D,600
997,129,10,31,A,639,D,600
998,130,5,35,D,648,D,600
999,131,6,32,A,648,D,600
1000,132,9,35,D,648,D,600
1001,133,10,32,A,651,D,600
1002,134,5,36,D,660,D,600
1003,135,6,33,A,660,D,600
1004,136,9,36,D,660,D,600
1005,137,10,33,A,663,D,600
1006,138,9,37,D,672,D,600
1007,139,5,37,D,672,D,600
1008,140,6,34,A,672,D,600
1009,141,10,34,A,675,D,600
1010,142,5,38,D,684,D,600
1011,143,6,35,A,684,D,600
1012,144,9,38,D,684,D,600
1013,145,10,35,A,687,D,600
1014,146,9,39,D,696,D,600
1015,147,5,39,D,696,D,600
1016,148,6,36,A,696,D,600
1017,149,10,36,A,699,D,600
1018,150,5,40,D,708,D,600
1019,151,6,37,A,708,D,600
1020,152,9,40,D,708,D,600
1021,153,10,37,A,711,D,600
1022,154,9,41,D,720,D,720
1023,155,5,41,D,720,D,720
1024,156,6,38,A,720,D,720
1025,157,10,38,A,723,D,720
1026,158,9,42,D,732,D,720
1027,159,6,39,A,732,D,720
1028,160,5,42,D,732,D,720
1029,161,10,39,A,735,D,720
1030,162,5,43,D,744,D,720
1031,163,9,43,D,744,D,720
1032,164,6,40,A,744,D,720
1033,165,10,40,A,747,D,720
1034,166,5,44,D,756,D,720
1035,167,6,41,A,756,D,720
1036,168,9,44,D,756,D,720
1037,169,10,41,A,759,D,720
1038,170,9,45,D,768,D,720
1039,171,6,42,A,768,D,720
1040,172,5,45,D,768,D,720
1041,173,10,42,A,771,D,720
1042,174,5,46,D,780,D,720
1043,175,6,43,A,780,D,720
1044,176,9,46,D,780,D,720
1045,177,10,43,A,783,D,720
1046,178,9,47,D,792,D,720
1047,179,5,47,D,792,D,720
1048,180,6,44,A,792,D,720
1049,181,10,44,A,795,D,720
1050,182,5,48,D,804,D,720
1051,183,6,45,A,804,D,720
1052,184,9,48,D,804,D,720
1053,185,10,45,A,807,D,720
1054,186,5,49,D,816,D,720
1055,187,9,49,D,816,D,720
1056,188,6,46,A,816,D,720
1057,189,10,46,A,819,D,720
1058,190,9,50,D,828,D,720
1059,191,6,47,A,828,D,720
1060,192,5,50,D,828,D,720
1061,193,10,47,A,831,D,720
1062,194,5,51,D,840,D,840
1063,195,6,48,A,840,D,840
1064,196,9,51,D,840,D,840
1065,197,10,48,A,843,D,840
1066,198,5,52,D,852,D,840
1067,199,6,49,A,852,D,840
1068,200,9,52,D,852,D,840
1069,201,10,49,A,855,D,840
1070,202,9,53,D,864,D,840
1071,203,5,53,D,864,D,840
1072,204,6,50,A,864,D,840
1073,205,10,50,A,867,D,840
1074,206,6,51,A,876,D,840
1075,207,9,54,D,876,D,840
1076,208,5,54,D,876,D,840
1077,209,10,51,A,879,D,840
1078,210,9,55,D,888,D,840
1079,211,6,52,A,888,D,840
1080,212,5,55,D,888,D,840
1081,213,10,52,A,891,D,840
1082,214,6,53,A,900,D,840
1083,215,5,56,D,900,D,840
1084,216,9,56,D,900,D,840
1085,217,10,53,A,903,D,840
1086,218,6,54,A,912,D,840
1087,219,9,57,D,912,D,840
1088,220,5,57,D,912,D,840
1089,221,10,54,A,915,D,840
1090,222,5,58,D,918,D,840
1091,223,5,59,D,924,D,840
1092,224,9,58,D,924,D,840
1093,225,6,55,A,924,D,840
1094,226,10,55,A,927,D,840
1095,227,9,59,D,930,D,840
1096,228,5,60,D,936,D,840
1097,229,9,60,D,936,D,840
1098,230,6,56,A,936,D,840
1099,231,10,56,A,939,D,840
1100,232,5,61,D,948,D,840
1101,233,9,61,D,948,D,840
1102,234,6,57,A,948,D,840
1103,235,10,57,A,951,D,840
1104,236,5,62,D,960,D,960
1105,237,6,58,A,960,D,960
1106,238,9,62,D,960,D,960
1107,239,10,58,A,963,D,960
1108,240,6,59,A,972,D,960
1109,241,5,63,D,972,D,960
1110,242,9,63,D,972,D,960
1111,243,10,59,A,975,D,960
1112,244,5,64,D,978,D,960
1113,245,9,64,D,984,D,960
1114,246,5,65,D,984,D,960
1115,247,6,60,A,984,D,960
1116,248,10,60,A,987,D,960
1117,249,9,65,D,990,D,960
1118,250,6,61,A,996,D,960
1119,251,5,66,D,996,D,960
1120,252,9,66,D,996,D,960
1121,253,10,61,A,999,D,960
1122,254,5,67,D,1008,D,960
1123,255,6,62,A,1008,D,960
1124,256,9,67,D,1008,D,960
1125,257,10,62,A,1011,D,960
1126,258,6,63,A,1020,D,960
1127,259,5,68,D,1020,D,960
1128,260,9,68,D,1020,D,960
1129,261,10,63,A,1023,D,960
1130,262,6,64,A,1032,D,960
1131,263,5,69,D,1032,D,960
1132,264,9,69,D,1032,D,960
1133,265,10,64,A,1035,D,960
1134,266,5,70,D,1038,D,960
1135,267,5,71,D,1044,D,960
1136,268,9,70,D,1044,D,960
1137,269,6,65,A,1044,D,960
1138,270,10,65,A,1047,D,960
1139,271,9,71,D,1050,D,960
1140,272,5,72,D,1056,D,960
1141,273,6,66,A,1056,D,960
1142,274,9,72,D,1056,D,960
1143,275,10,66,A,1059,D,960
1144,276,6,67,A,1068,D,960
1145,277,9,73,D,1068,D,960
1146,278,5,73,D,1068,D,960
1147,279,10,67,A,1071,D,960
1148,280,9,74,D,1080,D,1080
1149,281,5,74,D,1080,D,1080
1150,282,6,68,A,1080,D,1080
1151,283,10,68,A,1083,D,1080
1152,284,6,69,A,1092,D,1080
1153,285,5,75,D,1092,D,1080
1154,286,9,75,D,1092,D,1080
1155,287,10,69,A,1095,D,1080
1156,288,5,76,D,1104,D,1080
1157,289,9,76,D,1104,D,1080
1158,290,6,70,A,1104,D,1080
1159,291,10,70,A,1107,D,1080
1160,292,5,77,D,1116,D,1080
1161,293,9,77,D,1116,D,1080
1162,294,6,71,A,1116,D,1080
1163,295,10,71,A,1119,D,1080
1164,296,5,78,D,1128,D,1080
1165,297,6,72,A,1128,D,1080
1166,298,9,78,D,1128,D,1080
1167,299,10,72,A,1131,D,1080
1168,300,5,79,D,1140,D,1080
1169,301,6,73,A,1140,D,1080
1170,302,9,79,D,1140,D,1080
1171,303,10,73,A,1143,D,1080
1172,304,6,74,A,1152,D,1080
1173,305,9,80,D,1155,D,1080
1174,306,10,74,A,1155,D,1080
1175,307,5,80,D,1155,D,1080
1176,308,6,75,A,1164,D,1080
1177,309,10,75,A,1167,D,1080
1178,310,9,81,D,1170,D,1080
1179,311,5,81,D,1170,D,1080
1180,312,6,76,A,1176,D,1080
1181,313,10,76,A,1179,D,1080
1182,314,5,82,D,1185,D,1080
1183,315,9,82,D,1185,D,1080
1184,316,6,77,A,1188,D,1080
1185,317,10,77,A,1191,D,1080
1186,318,6,78,A,1200,D,1200
1187,319,9,83,D,1200,D,1200
1188,320,5,83,D,1200,D,1200
1189,321,10,78,A,1203,D,1200
1190,322,6,79,A,1212,D,1200
1191,323,5,84,D,1215,D,1200
1192,324,10,79,A,1215,D,1200
1193,325,9,84,D,1215,D,1200
1194,326,6,80,A,1227,D,1200
1195,327,9,85,D,1230,D,1200
1196,328,5,85,D,1230,D,1200
1197,329,10,80,A,1230,D,1200
1198,330,6,81,A,1242,D,1200
1199,331,9,86,D,1245,D,1200
1200,332,5,86,D,1245,D,1200
1201,333,10,81,A,1245,D,1200
1202,334,6,82,A,1257,D,1200
1203,335,5,87,D,1260,D,1200
1204,336,10,82,A,1260,D,1200
1205,337,6,83,A,1272,D,1200
1206,338,10,83,A,1275,D,1200
1207,339,5,88,D,1275,D,1200
1208,340,6,84,A,1287,D,1200
1209,341,5,89,D,1290,D,1200
1210,342,10,84,A,1290,D,1200
1211,343,6,85,A,1302,D,1200
1212,344,5,90,D,1305,D,1200
1213,345,10,85,A,1305,D,1200
1214,346,6,86,A,1317,D,1200
1215,347,10,86,A,1320,D,1320
1216,348,5,91,D,1320,D,1320
1217,349,6,87,A,1332,D,1320
1218,350,5,92,D,1335,D,1320
1219,351,6,88,A,1347,D,1320
1220,352,5,93,D,1350,D,1320
1221,353,6,89,A,1362,D,1320
1222,354,5,94,D,1365,D,1320
1223,355,6,90,A,1377,D,1320
1224,356,5,95,D,1380,D,1320
1225,357,6,91,A,1392,D,1320
1226,358,5,96,D,1395,D,1320
1227,359,6,92,A,1407,D,1320
1228,360,5,97,D,1410,D,1320
1229,361,6,93,A,1422,D,1320
1230,362,5,98,D,1425,D,1320
1231,363,6,94,A,1437,D,1320
1232,364,5,99,D,1440,D,1440
1233,365,6,95,A,1452,D,1440
1234,366,6,96,A,1467,D,1440
1235,367,6,97,A,1482,D,1440
1236,368,6,98,A,1497,D,1440
1237,369,6,99,A,1512,D,1440
1238,0,6,1,D,240,E,240
1239,1,6,2,D,252,E,240
1240,2,6,3,D,264,E,240
1241,3,6,4,D,276,E,240
1242,4,6,5,D,288,E,240
1243,5,6,6,D,300,E,240
1244,6,6,7,D,312,E,240
1245,7,5,1,A,312,E,240
1246,8,6,8,D,324,E,240
1247,9,5,2,A,324,E,240
1248,10,6,9,D,336,E,240
1249,11,5,3,A,336,E,240
1250,12,6,10,D,348,E,240
1251,13,5,4,A,348,E,240
1252,14,6,11,D,360,E,360
1253,15,5,5,A,360,E,360
1254,16,6,12,D,372,E,360
1255,17,5,6,A,372,E,360
1256,18,6,13,D,378,E,360
1257,19,5,7,A,384,E,360
1258,20,6,14,D,384,E,360
1259,21,5,8,A,396,E,360
1260,22,6,15,D,396,E,360
1261,23,6,16,D,408,E,360
1262,24,5,9,A,408,E,360
1263,25,5,10,A,420,E,360
1264,26,6,17,D,420,E,360
1265,27,6,18,D,432,E,360
1266,28,5,11,A,432,E,360
1267,29,6,19,D,438,E,360
1268,30,6,20,D,444,E,360
1269,31,5,12,A,444,E,360
1270,32,5,13,A,456,E,360
1271,33,6,21,D,456,E,360
1272,34,5,14,A,468,E,360
1273,35,6,22,D,468,E,360
1274,36,5,15,A,480,E,480
1275,37,6,23,D,480,E,480
1276,38,6,24,D,492,E,480
1277,39,5,16,A,492,E,480
1278,40,6,25,D,498,E,480
1279,41,5,17,A,504,E,480
1280,42,6,26,D,504,E,480
1281,43,6,27,D,516,E,480
1282,44,5,18,A,516,E,480
1283,45,5,19,A,528,E,480
1284,46,6,28,D,528,E,480
1285,47,5,20,A,540,E,480
1286,48,6,29,D,540,E,480
1287,49,5,21,A,552,E,480
1288,50,6,30,D,552,E,480
1289,51,6,31,D,564,E,480
1290,52,5,22,A,564,E,480
1291,53,6,32,D,576,E,480
1292,54,5,23,A,576,E,480
1293,55,6,33,D,588,E,480
1294,56,5,24,A,588,E,480
1295,57,5,25,A,600,E,600
1296,58,6,34,D,600,E,600
1297,59,6,35,D,612,E,600
1298,60,5,26,A,612,E,600
1299,61,6,36,D,624,E,600
1300,62,5,27,A,624,E,600
1301,63,6,37,D,636,E,600
1302,64,5,28,A,636,E,600
1303,65,6,38,D,648,E,600
1304,66,5,29,A,648,E,600
1305,67,6,39,D,660,E,600
1306,68,5,30,A,660,E,600
1307,69,5,31,A,672,E,600
1308,70,6,40,D,672,E,600
1309,71,6,41,D,684,E,600
1310,72,5,32,A,684,E,600
1311,73,6,42,D,696,E,600
1312,74,5,33,A,696,E,600
1313,75,6,43,D,708,E,600
1314,76,5,34,A,708,E,600
1315,77,6,44,D,720,E,720
1316,78,5,35,A,720,E,720
1317,79,6,45,D,732,E,720
1318,80,5,36,A,732,E,720
1319,81,6,46,D,744,E,720
1320,82,5,37,A,744,E,720
1321,83,6,47,D,756,E,720
1322,84,5,38,A,756,E,720
1323,85,6,48,D,768,E,720
1324,86,5,39,A,768,E,720
1325,87,6,49,D,780,E,720
1326,88,5,40,A,780,E,720
1327,89,5,41,A,792,E,720
1328,90,6,50,D,792,E,720
1329,91,5,42,A,804,E,720
1330,92,6,51,D,804,E,720
1331,93,5,43,A,816,E,720
1332,94,6,52,D,816,E,720
1333,95,6,53,D,828,E,720
1334,96,5,44,A,828,E,720
1335,97,6,54,D,840,E,840
1336,98,5,45,A,840,E,840
1337,99,6,55,D,852,E,840
1338,100,5,46,A,852,E,840
1339,101,6,56,D,864,E,840
1340,102,5,47,A,864,E,840
1341,103,6,57,D,876,E,840
1342,104,5,48,A,876,E,840
1343,105,6,58,D,888,E,840
1344,106,5,49,A,888,E,840
1345,107,6,59,D,900,E,840
1346,108,5,50,A,900,E,840
1347,109,5,51,A,912,E,840
1348,110,6,60,D,912,E,840
1349,111,5,52,A,924,E,840
1350,112,6,61,D,924,E,840
1351,113,5,53,A,936,E,840
1352,114,6,62,D,936,E,840
1353,115,6,63,D,948,E,840
1354,116,5,54,A,948,E,840
1355,117,6,64,D,960,E,960
1356,118,5,55,A,960,E,960
1357,119,5,56,A,972,E,960
1358,120,6,65,D,972,E,960
1359,121,5,57,A,984,E,960
1360,122,6,66,D,984,E,960
1361,123,5,58,A,990,E,960
1362,124,5,59,A,996,E,960
1363,125,6,67,D,996,E,960
1364,126,6,68,D,1008,E,960
1365,127,5,60,A,1008,E,960
1366,128,6,69,D,1020,E,960
1367,129,5,61,A,1020,E,960
1368,130,6,70,D,1032,E,960
1369,131,5,62,A,1032,E,960
1370,132,5,63,A,1044,E,960
1371,133,6,71,D,1044,E,960
1372,134,5,64,A,1050,E,960
1373,135,5,65,A,1056,E,960
1374,136,6,72,D,1056,E,960
1375,137,6,73,D,1068,E,960
1376,138,5,66,A,1068,E,960
1377,139,5,67,A,1080,E,1080
1378,140,6,74,D,1080,E,1080
1379,141,5,68,A,1092,E,1080
1380,142,6,75,D,1092,E,1080
1381,143,6,76,D,1104,E,1080
1382,144,5,69,A,1104,E,1080
1383,145,5,70,A,1110,E,1080
1384,146,5,71,A,1116,E,1080
1385,147,6,77,D,1116,E,1080
1386,148,6,78,D,1128,E,1080
1387,149,5,72,A,1128,E,1080
1388,150,5,73,A,1140,E,1080
1389,151,6,79,D,1140,E,1080
1390,152,5,74,A,1152,E,1080
1391,153,6,80,D,1155,E,1080
1392,154,5,75,A,1164,E,1080
1393,155,6,81,D,1170,E,1080
1394,156,5,76,A,1176,E,1080
1395,157,6,82,D,1185,E,1080
1396,158,5,77,A,1188,E,1080
1397,159,5,78,A,1200,E,1200
1398,160,6,83,D,1200,E,1200
1399,161,5,79,A,1212,E,1200
1400,162,6,84,D,1215,E,1200
1401,163,5,80,A,1227,E,1200
1402,164,6,85,D,1230,E,1200
1403,165,5,81,A,1242,E,1200
1404,166,6,86,D,1245,E,1200
1405,167,5,82,A,1257,E,1200
1406,168,6,87,D,1260,E,1200
1407,169,5,83,A,1272,E,1200
1408,170,6,88,D,1275,E,1200
1409,171,5,84,A,1287,E,1200
1410,172,6,89,D,1290,E,1200
1411,173,5,85,A,1302,E,1200
1412,174,6,90,D,1305,E,1200
1413,175,5,86,A,1317,E,1200
1414,176,6,91,D,1320,E,1320
1415,177,5,87,A,1332,E,1320
1416,178,6,92,D,1335,E,1320
1417,179,5,88,A,1347,E,1320
1418,180,6,93,D,1350,E,1320
1419,181,5,89,A,1362,E,1320
1420,182,6,94,D,1365,E,1320
1421,183,5,90,A,1377,E,1320
1422,184,6,95,D,1380,E,1320
1423,185,5,91,A,1392,E,1320
1424,186,6,96,D,1395,E,1320
1425,187,5,92,A,1407,E,1320
1426,188,6,97,D,1410,E,1320
1427,189,5,93,A,1422,E,1320
1428,190,6,98,D,1425,E,1320
1429,191,5,94,A,1437,E,1320
1430,192,6,99,D,1440,E,1440
1431,193,5,95,A,1452,E,1440
1432,194,5,96,A,1467,E,1440
1433,195,5,97,A,1482,E,1440
1434,196,5,98,A,1497,E,1440
1435,197,5,99,A,1512,E,1440
348,0,2,1,D,240,M,240
349,1,2,2,D,252,M,240
350,2,2,3,D,264,M,240
351,3,2,4,D,276,M,240
352,4,2,5,D,288,M,240
353,5,2,6,D,300,M,240
354,6,2,7,D,312,M,240
355,7,1,1,A,313,M,240
356,8,2,8,D,324,M,240
357,9,1,2,A,325,M,240
358,10,2,9,D,336,M,240
359,11,1,3,A,337,M,240
360,12,2,10,D,348,M,240
361,13,1,4,A,349,M,240
362,14,2,11,D,360,M,360
363,15,1,5,A,361,M,360
364,16,2,12,D,372,M,360
365,17,1,6,A,373,M,360
366,18,2,13,D,384,M,360
367,19,1,7,A,385,M,360
368,20,2,14,D,396,M,360
369,21,1,8,A,397,M,360
370,22,2,15,D,408,M,360
371,23,1,9,A,409,M,360
372,24,2,16,D,420,M,360
373,25,1,10,A,421,M,360
374,26,2,17,D,432,M,360
375,27,1,11,A,433,M,360
376,28,2,18,D,444,M,360
377,29,1,12,A,445,M,360
378,30,1,13,A,450,M,360
379,31,2,19,D,456,M,360
380,32,1,14,A,457,M,360
381,33,2,20,D,468,M,360
382,34,1,15,A,469,M,360
383,35,2,21,D,480,M,480
384,36,1,16,A,481,M,480
385,37,2,22,D,492,M,480
386,38,1,17,A,493,M,480
387,39,2,23,D,504,M,480
388,40,1,18,A,505,M,480
389,41,1,19,A,510,M,480
390,42,2,24,D,516,M,480
391,43,1,20,A,517,M,480
392,44,2,25,D,528,M,480
393,45,1,21,A,529,M,480
394,46,2,26,D,540,M,480
395,47,1,22,A,541,M,480
396,48,2,27,D,552,M,480
397,49,1,23,A,553,M,480
398,50,2,28,D,564,M,480
399,51,1,24,A,565,M,480
400,52,1,25,A,570,M,480
401,53,2,29,D,576,M,480
402,54,1,26,A,577,M,480
403,55,2,30,D,588,M,480
404,56,1,27,A,589,M,480
405,57,2,31,D,600,M,600
406,58,1,28,A,601,M,600
407,59,2,32,D,612,M,600
408,60,1,29,A,613,M,600
409,61,2,33,D,624,M,600
410,62,1,30,A,625,M,600
411,63,2,34,D,636,M,600
412,64,1,31,A,637,M,600
413,65,2,35,D,648,M,600
414,66,1,32,A,649,M,600
415,67,2,36,D,660,M,600
416,68,1,33,A,661,M,600
417,69,2,37,D,672,M,600
418,70,1,34,A,673,M,600
419,71,2,38,D,684,M,600
420,72,1,35,A,685,M,600
421,73,2,39,D,696,M,600
422,74,1,36,A,697,M,600
423,75,2,40,D,708,M,600
424,76,1,37,A,709,M,600
425,77,2,41,D,720,M,720
426,78,1,38,A,721,M,720
427,79,2,42,D,732,M,720
428,80,1,39,A,733,M,720
429,81,2,43,D,744,M,720
430,82,1,40,A,745,M,720
431,83,2,44,D,756,M,720
432,84,1,41,A,757,M,720
433,85,2,45,D,768,M,720
434,86,1,42,A,769,M,720
435,87,2,46,D,780,M,720
436,88,1,43,A,781,M,720
437,89,2,47,D,792,M,720
438,90,1,44,A,793,M,720
439,91,2,48,D,804,M,720
440,92,1,45,A,805,M,720
441,93,2,49,D,816,M,720
442,94,1,46,A,817,M,720
443,95,2,50,D,828,M,720
444,96,1,47,A,829,M,720
445,97,2,51,D,840,M,840
446,98,1,48,A,841,M,840
447,99,2,52,D,852,M,840
448,100,1,49,A,853,M,840
449,101,2,53,D,864,M,840
450,102,1,50,A,865,M,840
451,103,2,54,D,876,M,840
452,104,1,51,A,877,M,840
453,105,2,55,D,888,M,840
454,106,1,52,A,889,M,840
455,107,2,56,D,900,M,840
456,108,1,53,A,901,M,840
457,109,2,57,D,912,M,840
458,110,1,54,A,913,M,840
459,111,2,58,D,917,M,840
460,112,2,59,D,924,M,840
461,113,1,55,A,925,M,840
462,114,2,60,D,936,M,840
463,115,1,56,A,937,M,840
464,116,2,61,D,948,M,840
465,117,1,57,A,949,M,840
466,118,2,62,D,960,M,960
467,119,1,58,A,961,M,960
468,120,2,63,D,972,M,960
469,121,1,59,A,973,M,960
470,122,2,64,D,977,M,960
471,123,2,65,D,984,M,960
472,124,1,60,A,985,M,960
473,125,2,66,D,996,M,960
474,126,1,61,A,997,M,960
475,127,2,67,D,1008,M,960
476,128,1,62,A,1009,M,960
477,129,2,68,D,1020,M,960
478,130,1,63,A,1021,M,960
479,131,2,69,D,1032,M,960
480,132,1,64,A,1033,M,960
481,133,2,70,D,1037,M,960
482,134,2,71,D,1044,M,960
483,135,1,65,A,1045,M,960
484,136,2,72,D,1056,M,960
485,137,1,66,A,1057,M,960
486,138,2,73,D,1068,M,960
487,139,1,67,A,1069,M,960
488,140,2,74,D,1080,M,1080
489,141,1,68,A,1081,M,1080
490,142,2,75,D,1092,M,1080
491,143,1,69,A,1093,M,1080
492,144,2,76,D,1104,M,1080
493,145,1,70,A,1105,M,1080
494,146,2,77,D,1116,M,1080
495,147,1,71,A,1117,M,1080
496,148,2,78,D,1128,M,1080
497,149,1,72,A,1129,M,1080
498,150,1,73,A,1141,M,1080
499,151,1,74,A,1153,M,1080
500,152,1,75,A,1165,M,1080
501,153,1,76,A,1177,M,1080
502,154,1,77,A,1189,M,1080
503,155,1,78,A,1201,M,1200
1436,0,7,1,D,240,P,240
1437,1,7,2,D,252,P,240
1438,2,7,3,D,264,P,240
1439,3,7,4,D,276,P,240
1440,4,7,5,D,288,P,240
1441,5,7,6,D,300,P,240
1442,6,7,7,D,312,P,240
1443,7,8,1,A,313,P,240
1444,8,7,8,D,324,P,240
1445,9,8,2,A,325,P,240
1446,10,7,9,D,336,P,240
1447,11,8,3,A,337,P,240
1448,12,7,10,D,348,P,240
1449,13,8,4,A,349,P,240
1450,14,7,11,D,360,P,360
1451,15,8,5,A,361,P,360
1452,16,7,12,D,367,P,360
1453,17,7,13,D,372,P,360
1454,18,8,6,A,373,P,360
1455,19,7,14,D,384,P,360
1456,20,8,7,A,385,P,360
1457,21,7,15,D,387,P,360
1458,22,7,16,D,396,P,360
1459,23,8,8,A,397,P,360
1460,24,7,17,D,407,P,360
1461,25,7,18,D,408,P,360
1462,26,8,9,A,409,P,360
1463,27,7,19,D,415,P,360
1464,28,7,20,D,420,P,360
1465,29,8,10,A,421,P,360
1466,30,7,21,D,423,P,360
1467,31,7,22,D,431,P,360
1468,32,7,23,D,432,P,360
1469,33,8,11,A,433,P,360
1470,34,7,24,D,439,P,360
1471,35,7,25,D,444,P,360
1472,36,8,12,A,445,P,360
1473,37,7,26,D,447,P,360
1474,38,7,27,D,455,P,360
1475,39,7,28,D,456,P,360
1476,40,8,13,A,457,P,360
1477,41,7,29,D,463,P,360
1478,42,7,30,D,468,P,360
1479,43,8,14,A,469,P,360
1480,44,7,31,D,480,P,480
1481,45,8,15,A,481,P,480
1482,46,7,32,D,487,P,480
1483,47,7,33,D,492,P,480
1484,48,8,16,A,493,P,480
1485,49,7,34,D,504,P,480
1486,50,8,17,A,505,P,480
1487,51,7,35,D,507,P,480
1488,52,7,36,D,516,P,480
1489,53,8,18,A,517,P,480
1490,54,7,37,D,527,P,480
1491,55,7,38,D,528,P,480
1492,56,8,19,A,529,P,480
1493,57,7,39,D,540,P,480
1494,58,8,20,A,541,P,480
1495,59,7,40,D,552,P,480
1496,60,8,21,A,553,P,480
1497,61,7,41,D,564,P,480
1498,62,8,22,A,565,P,480
1499,63,7,42,D,576,P,480
1500,64,8,23,A,577,P,480
1501,65,7,43,D,588,P,480
1502,66,8,24,A,589,P,480
1503,67,7,44,D,600,P,600
1504,68,8,25,A,601,P,600
1505,69,7,45,D,612,P,600
1506,70,8,26,A,613,P,600
1507,71,7,46,D,624,P,600
1508,72,8,27,A,625,P,600
1509,73,7,47,D,636,P,600
1510,74,8,28,A,637,P,600
1511,75,7,48,D,648,P,600
1512,76,8,29,A,649,P,600
1513,77,7,49,D,660,P,600
1514,78,8,30,A,661,P,600
1515,79,7,50,D,672,P,600
1516,80,8,31,A,673,P,600
1517,81,7,51,D,684,P,600
1518,82,8,32,A,685,P,600
1519,83,7,52,D,696,P,600
1520,84,8,33,A,697,P,600
1521,85,7,53,D,708,P,600
1522,86,8,34,A,709,P,600
1523,87,7,54,D,720,P,720
1524,88,8,35,A,721,P,720
1525,89,7,55,D,732,P,720
1526,90,8,36,A,733,P,720
1527,91,7,56,D,744,P,720
1528,92,8,37,A,745,P,720
1529,93,7,57,D,756,P,720
1530,94,8,38,A,757,P,720
1531,95,7,58,D,768,P,720
1532,96,8,39,A,769,P,720
1533,97,7,59,D,780,P,720
1534,98,8,40,A,781,P,720
1535,99,7,60,D,792,P,720
1536,100,8,41,A,793,P,720
1537,101,7,61,D,804,P,720
1538,102,8,42,A,805,P,720
1539,103,7,62,D,816,P,720
1540,104,8,43,A,817,P,720
1541,105,7,63,D,828,P,720
1542,106,8,44,A,829,P,720
1543,107,7,64,D,840,P,840
1544,108,8,45,A,841,P,840
1545,109,7,65,D,852,P,840
1546,110,8,46,A,853,P,840
1547,111,7,66,D,864,P,840
1548,112,8,47,A,865,P,840
1549,113,7,67,D,876,P,840
1550,114,8,48,A,877,P,840
1551,115,7,68,D,888,P,840
1552,116,8,49,A,889,P,840
1553,117,7,69,D,900,P,840
1554,118,8,50,A,901,P,840
1555,119,7,70,D,912,P,840
1556,120,8,51,A,913,P,840
1557,121,7,71,D,924,P,840
1558,122,8,52,A,925,P,840
1559,123,7,72,D,936,P,840
1560,124,8,53,A,937,P,840
1561,125,7,73,D,948,P,840
1562,126,8,54,A,949,P,840
1563,127,7,74,D,960,P,960
1564,128,8,55,A,961,P,960
1565,129,7,75,D,972,P,960
1566,130,8,56,A,973,P,960
1567,131,8,57,A,980,P,960
1568,132,7,76,D,984,P,960
1569,133,8,58,A,985,P,960
1570,134,7,77,D,996,P,960
1571,135,8,59,A,997,P,960
1572,136,8,60,A,1000,P,960
1573,137,7,78,D,1008,P,960
1574,138,8,61,A,1009,P,960
1575,139,7,79,D,1020,P,960
1576,140,8,62,A,1020,P,960
1577,141,8,63,A,1021,P,960
1578,142,8,64,A,1028,P,960
1579,143,7,80,D,1032,P,960
1580,144,8,65,A,1033,P,960
1581,145,8,66,A,1036,P,960
1582,146,7,81,D,1044,P,960
1583,147,8,67,A,1044,P,960
1584,148,8,68,A,1045,P,960
1585,149,8,69,A,1052,P,960
1586,150,7,82,D,1056,P,960
1587,151,8,70,A,1057,P,960
1588,152,8,71,A,1060,P,960
1589,153,7,83,D,1068,P,960
1590,154,8,72,A,1068,P,960
1591,155,8,73,A,1069,P,960
1592,156,8,74,A,1076,P,960
1593,157,7,84,D,1080,P,1080
1594,158,8,75,A,1081,P,1080
1595,159,7,85,D,1092,P,1080
1596,160,8,76,A,1093,P,1080
1597,161,8,77,A,1100,P,1080
1598,162,7,86,D,1104,P,1080
1599,163,8,78,A,1105,P,1080
1600,164,7,87,D,1116,P,1080
1601,165,8,79,A,1117,P,1080
1602,166,8,80,A,1120,P,1080
1603,167,7,88,D,1128,P,1080
1604,168,8,81,A,1129,P,1080
1605,169,8,82,A,1140,P,1080
1606,170,7,89,D,1140,P,1080
1607,171,8,83,A,1141,P,1080
1608,172,8,84,A,1153,P,1080
1609,173,7,90,D,1155,P,1080
1610,174,8,85,A,1165,P,1080
1611,175,7,91,D,1170,P,1080
1612,176,8,86,A,1177,P,1080
1613,177,7,92,D,1185,P,1080
1614,178,8,87,A,1189,P,1080
1615,179,7,93,D,1200,P,1200
1616,180,8,88,A,1201,P,1200
1617,181,8,89,A,1213,P,1200
1618,182,7,94,D,1215,P,1200
1619,183,8,90,A,1228,P,1200
1620,184,7,95,D,1230,P,1200
1621,185,8,91,A,1243,P,1200
1622,186,7,96,D,1245,P,1200
1623,187,8,92,A,1258,P,1200
1624,188,7,97,D,1260,P,1200
1625,189,8,93,A,1273,P,1200
1626,190,7,98,D,1275,P,1200
1627,191,8,94,A,1288,P,1200
1628,192,7,99,D,1290,P,1200
1629,193,8,95,A,1303,P,1200
1630,194,7,100,D,1305,P,1200
1631,195,8,96,A,1318,P,1200
1632,196,7,101,D,1320,P,1320
1633,197,8,97,A,1333,P,1320
1634,198,7,102,D,1335,P,1320
1635,199,8,98,A,1348,P,1320
1636,200,7,103,D,1350,P,1320
1637,201,8,99,A,1363,P,1320
1638,202,7,104,D,1365,P,1320
1639,203,8,100,A,1378,P,1320
1640,204,7,105,D,1380,P,1320
1641,205,8,101,A,1393,P,1320
1642,206,7,106,D,1395,P,1320
1643,207,8,102,A,1408,P,1320
1644,208,7,107,D,1410,P,1320
1645,209,8,103,A,1423,P,1320
1646,210,7,108,D,1425,P,1320
1647,211,8,104,A,1438,P,1320
1648,212,7,109,D,1440,P,1440
1649,213,8,105,A,1453,P,1440
1650,214,8,106,A,1468,P,1440
1651,215,8,107,A,1483,P,1440
1652,216,8,108,A,1498,P,1440
1653,217,8,109,A,1513,P,1440
0,0,1,1,D,240,R,240
1,1,3,1,D,240,R,240
2,2,1,2,D,252,R,240
3,3,3,2,D,252,R,240
4,4,1,3,D,264,R,240
5,5,3,3,D,264,R,240
6,6,1,4,D,276,R,240
7,7,3,4,D,276,R,240
8,8,1,5,D,288,R,240
9,9,3,5,D,288,R,240
10,10,1,6,D,300,R,240
11,11,3,6,D,300,R,240
12,12,1,7,D,312,R,240
13,13,3,7,D,312,R,240
14,14,4,1,A,312,R,240
15,15,2,1,A,313,R,240
16,16,4,2,A,324,R,240
17,17,1,8,D,324,R,240
18,18,3,8,D,324,R,240
19,19,2,2,A,325,R,240
20,20,1,9,D,336,R,240
21,21,3,9,D,336,R,240
22,22,4,3,A,336,R,240
23,23,2,3,A,337,R,240
24,24,1,10,D,348,R,240
25,25,3,10,D,348,R,240
26,26,4,4,A,348,R,240
27,27,2,4,A,349,R,240
28,28,1,11,D,360,R,360
29,29,3,11,D,360,R,360
30,30,4,5,A,360,R,360
31,31,2,5,A,361,R,360
32,32,3,12,D,372,R,360
33,33,4,6,A,372,R,360
34,34,1,12,D,372,R,360
35,35,2,6,A,373,R,360
36,36,1,13,D,377,R,360
37,37,3,13,D,384,R,360
38,38,4,7,A,384,R,360
39,39,1,14,D,384,R,360
40,40,2,7,A,385,R,360
41,41,1,15,D,396,R,360
42,42,3,14,D,396,R,360
43,43,4,8,A,396,R,360
44,44,2,8,A,397,R,360
45,45,4,9,A,408,R,360
46,46,1,16,D,408,R,360
47,47,3,15,D,408,R,360
48,48,2,9,A,409,R,360
49,49,3,16,D,420,R,360
50,50,4,10,A,420,R,360
51,51,1,17,D,420,R,360
52,52,2,10,A,421,R,360
53,53,4,11,A,432,R,360
54,54,3,17,D,432,R,360
55,55,1,18,D,432,R,360
56,56,2,11,A,433,R,360
57,57,1,19,D,437,R,360
58,58,4,12,A,444,R,360
59,59,3,18,D,444,R,360
60,60,1,20,D,444,R,360
61,61,2,12,A,445,R,360
62,62,4,13,A,456,R,360
63,63,1,21,D,456,R,360
64,64,3,19,D,456,R,360
65,65,2,13,A,457,R,360
66,66,4,14,A,468,R,360
67,67,1,22,D,468,R,360
68,68,3,20,D,468,R,360
69,69,2,14,A,469,R,360
70,70,1,23,D,480,R,480
71,71,3,21,D,480,R,480
72,72,4,15,A,480,R,480
73,73,2,15,A,481,R,480
74,74,3,22,D,492,R,480
75,75,1,24,D,492,R,480
76,76,4,16,A,492,R,480
77,77,2,16,A,493,R,480
78,78,1,25,D,497,R,480
79,79,4,17,A,504,R,480
80,80,3,23,D,504,R,480
81,81,1,26,D,504,R,480
82,82,2,17,A,505,R,480
83,83,3,24,D,516,R,480
84,84,1,27,D,516,R,480
85,85,4,18,A,516,R,480
86,86,2,18,A,517,R,480
87,87,4,19,A,528,R,480
88,88,1,28,D,528,R,480
89,89,3,25,D,528,R,480
90,90,2,19,A,529,R,480
91,91,1,29,D,540,R,480
92,92,4,20,A,540,R,480
93,93,3,26,D,540,R,480
94,94,2,20,A,541,R,480
95,95,4,21,A,552,R,480
96,96,1,30,D,552,R,480
97,97,3,27,D,552,R,480
98,98,2,21,A,553,R,480
99,99,3,28,D,564,R,480
100,100,4,22,A,564,R,480
101,101,1,31,D,564,R,480
102,102,2,22,A,565,R,480
103,103,1,32,D,576,R,480
104,104,3,29,D,576,R,480
105,105,4,23,A,576,R,480
106,106,2,23,A,577,R,480
107,107,1,33,D,588,R,480
108,108,3,30,D,588,R,480
109,109,4,24,A,588,R,480
110,110,2,24,A,589,R,480
111,111,1,34,D,600,R,600
112,112,3,31,D,600,R,600
113,113,4,25,A,600,R,600
114,114,2,25,A,601,R,600
115,115,1,35,D,612,R,600
116,116,4,26,A,612,R,600
117,117,3,32,D,612,R,600
118,118,2,26,A,613,R,600
119,119,4,27,A,624,R,600
120,120,1,36,D,624,R,600
121,121,3,33,D,624,R,600
122,122,2,27,A,625,R,600
123,123,1,37,D,636,R,600
124,124,4,28,A,636,R,600
125,125,3,34,D,636,R,600
126,126,2,28,A,637,R,600
127,127,4,29,A,648,R,600
128,128,1,38,D,648,R,600
129,129,3,35,D,648,R,600
130,130,2,29,A,649,R,600
131,131,1,39,D,660,R,600
132,132,4,30,A,660,R,600
133,133,3,36,D,660,R,600
134,134,2,30,A,661,R,600
135,135,1,40,D,672,R,600
136,136,3,37,D,672,R,600
137,137,4,31,A,672,R,600
138,138,2,31,A,673,R,600
139,139,4,32,A,684,R,600
140,140,1,41,D,684,R,600
141,141,3,38,D,684,R,600
142,142,2,32,A,685,R,600
143,143,4,33,A,696,R,600
144,144,1,42,D,696,R,600
145,145,3,39,D,696,R,600
146,146,2,33,A,697,R,600
147,147,3,40,D,708,R,600
148,148,1,43,D,708,R,600
149,149,4,34,A,708,R,600
150,150,2,34,A,709,R,600
151,151,3,41,D,720,R,720
152,152,1,44,D,720,R,720
153,153,4,35,A,720,R,720
154,154,2,35,A,721,R,720
155,155,3,42,D,732,R,720
156,156,1,45,D,732,R,720
157,157,4,36,A,732,R,720
158,158,2,36,A,733,R,720
159,159,3,43,D,744,R,720
160,160,4,37,A,744,R,720
161,161,1,46,D,744,R,720
162,162,2,37,A,745,R,720
163,163,4,38,A,756,R,720
164,164,1,47,D,756,R,720
165,165,3,44,D,756,R,720
166,166,2,38,A,757,R,720
167,167,1,48,D,768,R,720
168,168,3,45,D,768,R,720
169,169,4,39,A,768,R,720
170,170,2,39,A,769,R,720
171,171,3,46,D,780,R,720
172,172,1,49,D,780,R,720
173,173,4,40,A,780,R,720
174,174,2,40,A,781,R,720
175,175,1,50,D,792,R,720
176,176,4,41,A,792,R,720
177,177,3,47,D,792,R,720
178,178,2,41,A,793,R,720
179,179,4,42,A,804,R,720
180,180,3,48,D,804,R,720
181,181,1,51,D,804,R,720
182,182,2,42,A,805,R,720
183,183,1,52,D,816,R,720
184,184,4,43,A,816,R,720
185,185,3,49,D,816,R,720
186,186,2,43,A,817,R,720
187,187,4,44,A,828,R,720
188,188,3,50,D,828,R,720
189,189,1,53,D,828,R,720
190,190,2,44,A,829,R,720
191,191,4,45,A,840,R,840
192,192,3,51,D,840,R,840
193,193,1,54,D,840,R,840
194,194,2,45,A,841,R,840
195,195,3,52,D,852,R,840
196,196,1,55,D,852,R,840
197,197,4,46,A,852,R,840
198,198,2,46,A,853,R,840
199,199,1,56,D,864,R,840
200,200,4,47,A,864,R,840
201,201,3,53,D,864,R,840
202,202,2,47,A,865,R,840
203,203,1,57,D,876,R,840
204,204,4,48,A,876,R,840
205,205,3,54,D,876,R,840
206,206,2,48,A,877,R,840
207,207,4,49,A,888,R,840
208,208,3,55,D,888,R,840
209,209,1,58,D,888,R,840
210,210,2,49,A,889,R,840
211,211,3,56,D,900,R,840
212,212,4,50,A,900,R,840
213,213,1,59,D,900,R,840
214,214,2,50,A,901,R,840
215,215,3,57,D,912,R,840
216,216,1,60,D,912,R,840
217,217,4,51,A,912,R,840
218,218,2,51,A,913,R,840
219,219,4,52,A,924,R,840
220,220,1,61,D,924,R,840
221,221,3,58,D,924,R,840
222,222,2,52,A,925,R,840
223,223,1,62,D,936,R,840
224,224,3,59,D,936,R,840
225,225,4,53,A,936,R,840
226,226,2,53,A,937,R,840
227,227,4,54,A,948,R,840
228,228,1,63,D,948,R,840
229,229,3,60,D,948,R,840
230,230,2,54,A,949,R,840
231,231,4,55,A,960,R,960
232,232,3,61,D,960,R,960
233,233,1,64,D,960,R,960
234,234,2,55,A,961,R,960
235,235,4,56,A,972,R,960
236,236,1,65,D,972,R,960
237,237,3,62,D,972,R,960
238,238,2,56,A,973,R,960
239,239,3,63,D,984,R,960
240,240,1,66,D,984,R,960
241,241,4,57,A,984,R,960
242,242,2,57,A,985,R,960
243,243,2,58,A,990,R,960
244,244,1,67,D,996,R,960
245,245,4,58,A,996,R,960
246,246,3,64,D,996,R,960
247,247,2,59,A,997,R,960
248,248,3,65,D,1008,R,960
249,249,1,68,D,1008,R,960
250,250,4,59,A,1008,R,960
251,251,2,60,A,1009,R,960
252,252,4,60,A,1020,R,960
253,253,1,69,D,1020,R,960
254,254,3,66,D,1020,R,960
255,255,2,61,A,1021,R,960
256,256,3,67,D,1032,R,960
257,257,1,70,D,1032,R,960
258,258,4,61,A,1032,R,960
259,259,2,62,A,1033,R,960
260,260,1,71,D,1044,R,960
261,261,4,62,A,1044,R,960
262,262,3,68,D,1044,R,960
263,263,2,63,A,1045,R,960
264,264,2,64,A,1050,R,960
265,265,4,63,A,1056,R,960
266,266,3,69,D,1056,R,960
267,267,1,72,D,1056,R,960
268,268,2,65,A,1057,R,960
269,269,4,64,A,1068,R,960
270,270,1,73,D,1068,R,960
271,271,3,70,D,1068,R,960
272,272,2,66,A,1069,R,960
273,273,3,71,D,1080,R,1080
274,274,4,65,A,1080,R,1080
275,275,1,74,D,1080,R,1080
276,276,2,67,A,1081,R,1080
277,277,1,75,D,1092,R,1080
278,278,4,66,A,1092,R,1080
279,279,3,72,D,1092,R,1080
280,280,2,68,A,1093,R,1080
281,281,1,76,D,1104,R,1080
282,282,3,73,D,1104,R,1080
283,283,4,67,A,1104,R,1080
284,284,2,69,A,1105,R,1080
285,285,2,70,A,1110,R,1080
286,286,1,77,D,1116,R,1080
287,287,3,74,D,1116,R,1080
288,288,4,68,A,1116,R,1080
289,289,2,71,A,1117,R,1080
290,290,4,69,A,1128,R,1080
291,291,1,78,D,1128,R,1080
292,292,3,75,D,1128,R,1080
293,293,2,72,A,1129,R,1080
294,294,4,70,A,1140,R,1080
295,295,3,76,D,1140,R,1080
296,296,2,73,A,1141,R,1080
297,297,4,71,A,1152,R,1080
298,298,2,74,A,1153,R,1080
299,299,3,77,D,1155,R,1080
300,300,4,72,A,1164,R,1080
301,301,2,75,A,1165,R,1080
302,302,3,78,D,1170,R,1080
303,303,4,73,A,1176,R,1080
304,304,2,76,A,1177,R,1080
305,305,3,79,D,1185,R,1080
306,306,4,74,A,1188,R,1080
307,307,2,77,A,1189,R,1080
308,308,3,80,D,1200,R,1200
309,309,4,75,A,1200,R,1200
310,310,2,78,A,1201,R,1200
311,311,4,76,A,1212,R,1200
312,312,3,81,D,1215,R,1200
313,313,4,77,A,1227,R,1200
314,314,3,82,D,1230,R,1200
315,315,4,78,A,1242,R,1200
316,316,3,83,D,1245,R,1200
317,317,4,79,A,1257,R,1200
318,318,3,84,D,1260,R,1200
319,319,4,80,A,1272,R,1200
320,320,3,85,D,1275,R,1200
321,321,4,81,A,1287,R,1200
322,322,3,86,D,1290,R,1200
323,323,4,82,A,1302,R,1200
324,324,3,87,D,1305,R,1200
325,325,4,83,A,1317,R,1200
326,326,3,88,D,1320,R,1320
327,327,4,84,A,1332,R,1320
328,328,3,89,D,1335,R,1320
329,329,4,85,A,1347,R,1320
330,330,3,90,D,1350,R,1320
331,331,4,86,A,1362,R,1320
332,332,3,91,D,1365,R,1320
333,333,4,87,A,1377,R,1320
334,334,3,92,D,1380,R,1320
335,335,4,88,A,1392,R,1320
336,336,3,93,D,1395,R,1320
337,337,4,89,A,1407,R,1320
338,338,3,94,D,1410,R,1320
339,339,4,90,A,1422,R,1320
340,340,3,95,D,1425,R,1320
341,341,4,91,A,1437,R,1320
342,342,3,96,D,1440,R,1440
343,343,4,92,A,1452,R,1440
344,344,4,93,A,1467,R,1440
345,345,4,94,A,1482,R,1440
346,346,4,95,A,1497,R,1440
347,347,4,96,A,1512,R,1440
1654,0,8,1,D,240,S,240
1655,1,8,2,D,252,S,240
1656,2,8,3,D,264,S,240
1657,3,8,4,D,276,S,240
1658,4,8,5,D,288,S,240
1659,5,8,6,D,300,S,240
1660,6,8,7,D,312,S,240
1661,7,7,1,A,313,S,240
1662,8,8,8,D,324,S,240
1663,9,7,2,A,325,S,240
1664,10,8,9,D,336,S,240
1665,11,7,3,A,337,S,240
1666,12,8,10,D,348,S,240
1667,13,7,4,A,349,S,240
1668,14,8,11,D,360,S,360
1669,15,7,5,A,361,S,360
1670,16,8,12,D,372,S,360
1671,17,7,6,A,373,S,360
1672,18,8,13,D,384,S,360
1673,19,7,7,A,385,S,360
1674,20,8,14,D,396,S,360
1675,21,7,8,A,397,S,360
1676,22,8,15,D,408,S,360
1677,23,7,9,A,409,S,360
1678,24,8,16,D,420,S,360
1679,25,7,10,A,421,S,360
1680,26,8,17,D,432,S,360
1681,27,7,11,A,433,S,360
1682,28,7,12,A,440,S,360
1683,29,8,18,D,444,S,360
1684,30,7,13,A,445,S,360
1685,31,8,19,D,456,S,360
1686,32,7,14,A,457,S,360
1687,33,7,15,A,460,S,360
1688,34,8,20,D,468,S,360
1689,35,7,16,A,469,S,360
1690,36,8,21,D,480,S,480
1691,37,7,17,A,480,S,480
1692,38,7,18,A,481,S,480
1693,39,7,19,A,488,S,480
1694,40,8,22,D,492,S,480
1695,41,7,20,A,493,S,480
1696,42,7,21,A,496,S,480
1697,43,8,23,D,504,S,480
1698,44,7,22,A,504,S,480
1699,45,7,23,A,505,S,480
1700,46,7,24,A,512,S,480
1701,47,8,24,D,516,S,480
1702,48,7,25,A,517,S,480
1703,49,7,26,A,520,S,480
1704,50,8,25,D,528,S,480
1705,51,7,27,A,528,S,480
1706,52,7,28,A,529,S,480
1707,53,7,29,A,536,S,480
1708,54,8,26,D,540,S,480
1709,55,7,30,A,541,S,480
1710,56,8,27,D,552,S,480
1711,57,7,31,A,553,S,480
1712,58,7,32,A,560,S,480
1713,59,8,28,D,564,S,480
1714,60,7,33,A,565,S,480
1715,61,8,29,D,576,S,480
1716,62,7,34,A,577,S,480
1717,63,7,35,A,580,S,480
1718,64,8,30,D,588,S,480
1719,65,7,36,A,589,S,480
1720,66,8,31,D,600,S,600
1721,67,7,37,A,600,S,600
1722,68,7,38,A,601,S,600
1723,69,8,32,D,612,S,600
1724,70,7,39,A,613,S,600
1725,71,8,33,D,624,S,600
1726,72,7,40,A,625,S,600
1727,73,8,34,D,636,S,600
1728,74,7,41,A,637,S,600
1729,75,8,35,D,648,S,600
1730,76,7,42,A,649,S,600
1731,77,8,36,D,660,S,600
1732,78,7,43,A,661,S,600
1733,79,8,37,D,672,S,600
1734,80,7,44,A,673,S,600
1735,81,8,38,D,684,S,600
1736,82,7,45,A,685,S,600
1737,83,8,39,D,696,S,600
1738,84,7,46,A,697,S,600
1739,85,8,40,D,708,S,600
1740,86,7,47,A,709,S,600
1741,87,8,41,D,720,S,720
1742,88,7,48,A,721,S,720
1743,89,8,42,D,732,S,720
1744,90,7,49,A,733,S,720
1745,91,8,43,D,744,S,720
1746,92,7,50,A,745,S,720
1747,93,8,44,D,756,S,720
1748,94,7,51,A,757,S,720
1749,95,8,45,D,768,S,720
1750,96,7,52,A,769,S,720
1751,97,8,46,D,780,S,720
1752,98,7,53,A,781,S,720
1753,99,8,47,D,792,S,720
1754,100,7,54,A,793,S,720
1755,101,8,48,D,804,S,720
1756,102,7,55,A,805,S,720
1757,103,8,49,D,816,S,720
1758,104,7,56,A,817,S,720
1759,105,8,50,D,828,S,720
1760,106,7,57,A,829,S,720
1761,107,8,51,D,840,S,840
1762,108,7,58,A,841,S,840
1763,109,8,52,D,852,S,840
1764,110,7,59,A,853,S,840
1765,111,8,53,D,864,S,840
1766,112,7,60,A,865,S,840
1767,113,8,54,D,876,S,840
1768,114,7,61,A,877,S,840
1769,115,8,55,D,888,S,840
1770,116,7,62,A,889,S,840
1771,117,8,56,D,900,S,840
1772,118,7,63,A,901,S,840
1773,119,8,57,D,907,S,840
1774,120,8,58,D,912,S,840
1775,121,7,64,A,913,S,840
1776,122,8,59,D,924,S,840
1777,123,7,65,A,925,S,840
1778,124,8,60,D,927,S,840
1779,125,8,61,D,936,S,840
1780,126,7,66,A,937,S,840
1781,127,8,62,D,947,S,840
1782,128,8,63,D,948,S,840
1783,129,7,67,A,949,S,840
1784,130,8,64,D,955,S,840
1785,131,8,65,D,960,S,960
1786,132,7,68,A,961,S,960
1787,133,8,66,D,963,S,960
1788,134,8,67,D,971,S,960
1789,135,8,68,D,972,S,960
1790,136,7,69,A,973,S,960
1791,137,8,69,D,979,S,960
1792,138,8,70,D,984,S,960
1793,139,7,70,A,985,S,960
1794,140,8,71,D,987,S,960
1795,141,8,72,D,995,S,960
1796,142,8,73,D,996,S,960
1797,143,7,71,A,997,S,960
1798,144,8,74,D,1003,S,960
1799,145,8,75,D,1008,S,960
1800,146,7,72,A,1009,S,960
1801,147,8,76,D,1020,S,960
1802,148,7,73,A,1021,S,960
1803,149,8,77,D,1027,S,960
1804,150,8,78,D,1032,S,960
1805,151,7,74,A,1033,S,960
1806,152,8,79,D,1044,S,960
1807,153,7,75,A,1045,S,960
1808,154,8,80,D,1047,S,960
1809,155,8,81,D,1056,S,960
1810,156,7,76,A,1057,S,960
1811,157,8,82,D,1067,S,960
1812,158,8,83,D,1068,S,960
1813,159,7,77,A,1069,S,960
1814,160,8,84,D,1080,S,1080
1815,161,7,78,A,1081,S,1080
1816,162,8,85,D,1092,S,1080
1817,163,7,79,A,1093,S,1080
1818,164,8,86,D,1104,S,1080
1819,165,7,80,A,1105,S,1080
1820,166,8,87,D,1116,S,1080
1821,167,7,81,A,1117,S,1080
1822,168,8,88,D,1128,S,1080
1823,169,7,82,A,1129,S,1080
1824,170,8,89,D,1140,S,1080
1825,171,7,83,A,1141,S,1080
1826,172,7,84,A,1153,S,1080
1827,173,8,90,D,1155,S,1080
1828,174,7,85,A,1165,S,1080
1829,175,8,91,D,1170,S,1080
1830,176,7,86,A,1177,S,1080
1831,177,8,92,D,1185,S,1080
1832,178,7,87,A,1189,S,1080
1833,179,8,93,D,1200,S,1200
1834,180,7,88,A,1201,S,1200
1835,181,7,89,A,1213,S,1200
1836,182,8,94,D,1215,S,1200
1837,183,7,90,A,1228,S,1200
1838,184,8,95,D,1230,S,1200
1839,185,7,91,A,1243,S,1200
1840,186,8,96,D,1245,S,1200
1841,187,7,92,A,1258,S,1200
1842,188,8,97,D,1260,S,1200
1843,189,7,93,A,1273,S,1200
1844,190,8,98,D,1275,S,1200
1845,191,7,94,A,1288,S,1200
1846,192,8,99,D,1290,S,1200
1847,193,7,95,A,1303,S,1200
1848,194,8,100,D,1305,S,1200
1849,195,7,96,A,1318,S,1200
1850,196,8,101,D,1320,S,1320
1851,197,7,97,A,1333,S,1320
1852,198,8,102,D,1335,S,1320
1853,199,7,98,A,1348,S,1320
1854,200,8,103,D,1350,S,1320
1855,201,7,99,A,1363,S,1320
1856,202,8,104,D,1365,S,1320
1857,203,7,100,A,1378,S,1320
1858,204,8,105,D,1380,S,1320
1859,205,7,101,A,1393,S,1320
1860,206,8,106,D,1395,S,1320
1861,207,7,102,A,1408,S,1320
1862,208,8,107,D,1410,S,1320
1863,209,7,103,A,1423,S,1320
1864,210,8,108,D,1425,S,1320
1865,211,7,104,A,1438,S,1320
1866,212,8,109,D,1440,S,1440
1867,213,7,105,A,1453,S,1440
1868,214,7,106,A,1468,S,1440
1869,215,7,107,A,1483,S,1440
1870,216,7,108,A,1498,S,1440
1871,217,7,109,A,1513,S,1440
504,0,10,1,D,240,W,240
505,1,4,1,D,240,W,240
506,2,4,2,D,252,W,240
507,3,10,2,D,252,W,240
508,4,4,3,D,264,W,240
509,5,10,3,D,264,W,240
510,6,4,4,D,276,W,240
511,7,10,4,D,276,W,240
512,8,4,5,D,288,W,240
513,9,10,5,D,288,W,240
514,10,4,6,D,300,W,240
515,11,10,6,D,300,W,240
516,12,4,7,D,312,W,240
517,13,10,7,D,312,W,240
518,14,3,1,A,312,W,240
519,15,9,1,A,315,W,240
520,16,10,8,D,324,W,240
521,17,3,2,A,324,W,240
522,18,4,8,D,324,W,240
523,19,9,2,A,327,W,240
524,20,10,9,D,336,W,240
525,21,3,3,A,336,W,240
526,22,4,9,D,336,W,240
527,23,9,3,A,339,W,240
528,24,10,10,D,348,W,240
529,25,4,10,D,348,W,240
530,26,3,4,A,348,W,240
531,27,9,4,A,351,W,240
532,28,4,11,D,360,W,360
533,29,3,5,A,360,W,360
534,30,10,11,D,360,W,360
535,31,9,5,A,363,W,360
536,32,4,12,D,372,W,360
537,33,3,6,A,372,W,360
538,34,10,12,D,372,W,360
539,35,9,6,A,375,W,360
540,36,10,13,D,375,W,360
541,37,10,14,D,384,W,360
542,38,4,13,D,384,W,360
543,39,3,7,A,384,W,360
544,40,9,7,A,387,W,360
545,41,10,15,D,396,W,360
546,42,4,14,D,396,W,360
547,43,3,8,A,396,W,360
548,44,9,8,A,399,W,360
549,45,4,15,D,408,W,360
550,46,10,16,D,408,W,360
551,47,3,9,A,408,W,360
552,48,9,9,A,411,W,360
553,49,10,17,D,420,W,360
554,50,4,16,D,420,W,360
555,51,3,10,A,420,W,360
556,52,9,10,A,423,W,360
557,53,10,18,D,432,W,360
558,54,4,17,D,432,W,360
559,55,3,11,A,432,W,360
560,56,10,19,D,435,W,360
561,57,9,11,A,435,W,360
562,58,3,12,A,444,W,360
563,59,4,18,D,444,W,360
564,60,10,20,D,444,W,360
565,61,9,12,A,447,W,360
566,62,3,13,A,456,W,360
567,63,4,19,D,456,W,360
568,64,10,21,D,456,W,360
569,65,9,13,A,459,W,360
570,66,10,22,D,468,W,360
571,67,3,14,A,468,W,360
572,68,4,20,D,468,W,360
573,69,9,14,A,471,W,360
574,70,10,23,D,480,W,480
575,71,4,21,D,480,W,480
576,72,3,15,A,480,W,480
577,73,9,15,A,483,W,480
578,74,4,22,D,492,W,480
579,75,3,16,A,492,W,480
580,76,10,24,D,492,W,480
581,77,10,25,D,495,W,480
582,78,9,16,A,495,W,480
583,79,10,26,D,504,W,480
584,80,3,17,A,504,W,480
585,81,4,23,D,504,W,480
586,82,9,17,A,507,W,480
587,83,10,27,D,516,W,480
588,84,3,18,A,516,W,480
589,85,4,24,D,516,W,480
590,86,9,18,A,519,W,480
591,87,10,28,D,528,W,480
592,88,3,19,A,528,W,480
593,89,4,25,D,528,W,480
594,90,9,19,A,531,W,480
595,91,4,26,D,540,W,480
596,92,10,29,D,540,W,480
597,93,3,20,A,540,W,480
598,94,9,20,A,543,W,480
599,95,4,27,D,552,W,480
600,96,10,30,D,552,W,480
601,97,3,21,A,552,W,480
602,98,9,21,A,555,W,480
603,99,4,28,D,564,W,480
604,100,10,31,D,564,W,480
605,101,3,22,A,564,W,480
606,102,9,22,A,567,W,480
607,103,4,29,D,576,W,480
608,104,10,32,D,576,W,480
609,105,3,23,A,576,W,480
610,106,9,23,A,579,W,480
611,107,3,24,A,588,W,480
612,108,10,33,D,588,W,480
613,109,4,30,D,588,W,480
614,110,9,24,A,591,W,480
615,111,3,25,A,600,W,600
616,112,4,31,D,600,W,600
617,113,10,34,D,600,W,600
618,114,9,25,A,603,W,600
619,115,3,26,A,612,W,600
620,116,4,32,D,612,W,600
621,117,10,35,D,612,W,600
622,118,9,26,A,615,W,600
623,119,4,33,D,624,W,600
624,120,3,27,A,624,W,600
625,121,10,36,D,624,W,600
626,122,9,27,A,627,W,600
627,123,10,37,D,636,W,600
628,124,4,34,D,636,W,600
629,125,3,28,A,636,W,600
630,126,9,28,A,639,W,600
631,127,10,38,D,648,W,600
632,128,3,29,A,648,W,600
633,129,4,35,D,648,W,600
634,130,9,29,A,651,W,600
635,131,10,39,D,660,W,600
636,132,4,36,D,660,W,600
637,133,3,30,A,660,W,600
638,134,9,30,A,663,W,600
639,135,10,40,D,672,W,600
640,136,3,31,A,672,W,600
641,137,4,37,D,672,W,600
642,138,9,31,A,675,W,600
643,139,10,41,D,684,W,600
644,140,4,38,D,684,W,600
645,141,3,32,A,684,W,600
646,142,9,32,A,687,W,600
647,143,4,39,D,696,W,600
648,144,3,33,A,696,W,600
649,145,10,42,D,696,W,600
650,146,9,33,A,699,W,600
651,147,4,40,D,708,W,600
652,148,3,34,A,708,W,600
653,149,10,43,D,708,W,600
654,150,9,34,A,711,W,600
655,151,4,41,D,720,W,720
656,152,3,35,A,720,W,720
657,153,10,44,D,720,W,720
658,154,9,35,A,723,W,720
659,155,3,36,A,732,W,720
660,156,4,42,D,732,W,720
661,157,10,45,D,732,W,720
662,158,9,36,A,735,W,720
663,159,4,43,D,744,W,720
664,160,3,37,A,744,W,720
665,161,10,46,D,744,W,720
666,162,9,37,A,747,W,720
667,163,10,47,D,756,W,720
668,164,4,44,D,756,W,720
669,165,3,38,A,756,W,720
670,166,9,38,A,759,W,720
671,167,3,39,A,768,W,720
672,168,4,45,D,768,W,720
673,169,10,48,D,768,W,720
674,170,9,39,A,771,W,720
675,171,3,40,A,780,W,720
676,172,10,49,D,780,W,720
677,173,4,46,D,780,W,720
678,174,9,40,A,783,W,720
679,175,10,50,D,792,W,720
680,176,4,47,D,792,W,720
681,177,3,41,A,792,W,720
682,178,9,41,A,795,W,720
683,179,3,42,A,804,W,720
684,180,10,51,D,804,W,720
685,181,4,48,D,804,W,720
686,182,9,42,A,807,W,720
687,183,3,43,A,816,W,720
688,184,10,52,D,816,W,720
689,185,4,49,D,816,W,720
690,186,9,43,A,819,W,720
691,187,4,50,D,828,W,720
692,188,10,53,D,828,W,720
693,189,3,44,A,828,W,720
694,190,9,44,A,831,W,720
695,191,4,51,D,840,W,840
696,192,10,54,D,840,W,840
697,193,3,45,A,840,W,840
698,194,9,45,A,843,W,840
699,195,10,55,D,852,W,840
700,196,3,46,A,852,W,840
701,197,4,52,D,852,W,840
702,198,9,46,A,855,W,840
703,199,3,47,A,864,W,840
704,200,4,53,D,864,W,840
705,201,10,56,D,864,W,840
706,202,9,47,A,867,W,840
707,203,4,54,D,876,W,840
708,204,3,48,A,876,W,840
709,205,10,57,D,876,W,840
710,206,9,48,A,879,W,840
711,207,4,55,D,888,W,840
712,208,3,49,A,888,W,840
713,209,10,58,D,888,W,840
714,210,9,49,A,891,W,840
715,211,4,56,D,900,W,840
716,212,10,59,D,900,W,840
717,213,3,50,A,900,W,840
718,214,9,50,A,903,W,840
719,215,4,57,D,912,W,840
720,216,3,51,A,912,W,840
721,217,10,60,D,912,W,840
722,218,9,51,A,915,W,840
723,219,3,52,A,924,W,840
724,220,4,58,D,924,W,840
725,221,10,61,D,924,W,840
726,222,9,52,A,927,W,840
727,223,10,62,D,936,W,840
728,224,3,53,A,936,W,840
729,225,4,59,D,936,W,840
730,226,9,53,A,939,W,840
731,227,4,60,D,948,W,840
732,228,10,63,D,948,W,840
733,229,3,54,A,948,W,840
734,230,9,54,A,951,W,840
735,231,4,61,D,960,W,960
736,232,10,64,D,960,W,960
737,233,3,55,A,960,W,960
738,234,9,55,A,963,W,960
739,235,4,62,D,972,W,960
740,236,3,56,A,972,W,960
741,237,10,65,D,972,W,960
742,238,9,56,A,975,W,960
743,239,3,57,A,984,W,960
744,240,4,63,D,984,W,960
745,241,10,66,D,984,W,960
746,242,9,57,A,987,W,960
747,243,10,67,D,996,W,960
748,244,3,58,A,996,W,960
749,245,4,64,D,996,W,960
750,246,9,58,A,999,W,960
751,247,9,59,A,1005,W,960
752,248,4,65,D,1008,W,960
753,249,10,68,D,1008,W,960
754,250,3,59,A,1008,W,960
755,251,9,60,A,1011,W,960
756,252,3,60,A,1020,W,960
757,253,4,66,D,1020,W,960
758,254,10,69,D,1020,W,960
759,255,9,61,A,1023,W,960
760,256,3,61,A,1032,W,960
761,257,4,67,D,1032,W,960
762,258,10,70,D,1032,W,960
763,259,9,62,A,1035,W,960
764,260,4,68,D,1044,W,960
765,261,10,71,D,1044,W,960
766,262,3,62,A,1044,W,960
767,263,9,63,A,1047,W,960
768,264,10,72,D,1056,W,960
769,265,3,63,A,1056,W,960
770,266,4,69,D,1056,W,960
771,267,9,64,A,1059,W,960
772,268,9,65,A,1065,W,960
773,269,10,73,D,1068,W,960
774,270,3,64,A,1068,W,960
775,271,4,70,D,1068,W,960
776,272,9,66,A,1071,W,960
777,273,10,74,D,1080,W,1080
778,274,3,65,A,1080,W,1080
779,275,4,71,D,1080,W,1080
780,276,9,67,A,1083,W,1080
781,277,4,72,D,1092,W,1080
782,278,10,75,D,1092,W,1080
783,279,3,66,A,1092,W,1080
784,280,9,68,A,1095,W,1080
785,281,4,73,D,1104,W,1080
786,282,10,76,D,1104,W,1080
787,283,3,67,A,1104,W,1080
788,284,9,69,A,1107,W,1080
789,285,4,74,D,1116,W,1080
790,286,10,77,D,1116,W,1080
791,287,3,68,A,1116,W,1080
792,288,9,70,A,1119,W,1080
793,289,9,71,A,1125,W,1080
794,290,10,78,D,1128,W,1080
795,291,4,75,D,1128,W,1080
796,292,3,69,A,1128,W,1080
797,293,9,72,A,1131,W,1080
798,294,3,70,A,1140,W,1080
799,295,4,76,D,1140,W,1080
800,296,10,79,D,1140,W,1080
801,297,9,73,A,1143,W,1080
802,298,3,71,A,1152,W,1080
803,299,4,77,D,1155,W,1080
804,300,9,74,A,1155,W,1080
805,301,10,80,D,1155,W,1080
806,302,3,72,A,1164,W,1080
807,303,9,75,A,1167,W,1080
808,304,10,81,D,1170,W,1080
809,305,4,78,D,1170,W,1080
810,306,3,73,A,1176,W,1080
811,307,9,76,A,1179,W,1080
812,308,10,82,D,1185,W,1080
813,309,4,79,D,1185,W,1080
814,310,3,74,A,1188,W,1080
815,311,9,77,A,1191,W,1080
816,312,4,80,D,1200,W,1200
817,313,3,75,A,1200,W,1200
818,314,10,83,D,1200,W,1200
819,315,9,78,A,1203,W,1200
820,316,3,76,A,1212,W,1200
821,317,4,81,D,1215,W,1200
822,318,9,79,A,1215,W,1200
823,319,10,84,D,1215,W,1200
824,320,3,77,A,1227,W,1200
825,321,4,82,D,1230,W,1200
826,322,9,80,A,1230,W,1200
827,323,10,85,D,1230,W,1200
828,324,3,78,A,1242,W,1200
829,325,10,86,D,1245,W,1200
830,326,9,81,A,1245,W,1200
831,327,4,83,D,1245,W,1200
832,328,3,79,A,1257,W,1200
833,329,9,82,A,1260,W,1200
834,330,4,84,D,1260,W,1200
835,331,3,80,A,1272,W,1200
836,332,9,83,A,1275,W,1200
837,333,4,85,D,1275,W,1200
838,334,3,81,A,1287,W,1200
839,335,4,86,D,1290,W,1200
840,336,9,84,A,1290,W,1200
841,337,3,82,A,1302,W,1200
842,338,4,87,D,1305,W,1200
843,339,9,85,A,1305,W,1200
844,340,3,83,A,1317,W,1200
845,341,9,86,A,1320,W,1320
846,342,4,88,D,1320,W,1320
847,343,3,84,A,1332,W,1320
848,344,4,89,D,1335,W,1320
849,345,3,85,A,1347,W,1320
850,346,4,90,D,1350,W,1320
851,347,3,86,A,1362,W,1320
852,348,4,91,D,1365,W,1320
853,349,3,87,A,1377,W,1320
854,350,4,92,D,1380,W,1320
855,351,3,88,A,1392,W,1320
856,352,4,93,D,1395,W,1320
857,353,3,89,A,1407,W,1320
858,354,4,94,D,1410,W,1320
859,355,3,90,A,1422,W,1320
860,356,4,95,D,1425,W,1320
861,357,3,91,A,1437,W,1320
862,358,4,96,D,1440,W,1440
863,359,3,92,A,1452,W,1440
864,360,3,93,A,1467,W,1440
865,361,3,94,A,1482,W,1440
866,362,3,95,A,1497,W,1440
867,363,3,96,A,1512,W,1440