yardEventIndex,a,c,Type,Time,Yard
0,1,1,D,240,R
1,3,1,D,240,R
2,1,2,D,252,R
3,3,2,D,252,R
4,1,3,D,264,R
5,3,3,D,264,R
6,1,4,D,276,R
7,3,4,D,276,R
8,1,5,D,288,R
9,3,5,D,288,R
10,1,6,D,300,R
11,3,6,D,300,R
12,1,7,D,312,R
13,3,7,D,312,R
14,4,1,A,312,R
15,2,1,A,313,R
16,4,2,A,324,R
17,1,8,D,324,R
18,3,8,D,324,R
19,2,2,A,325,R
20,1,9,D,336,R
21,3,9,D,336,R
22,4,3,A,336,R
23,2,3,A,337,R
24,1,10,D,348,R
25,3,10,D,348,R
26,4,4,A,348,R
27,2,4,A,349,R
28,1,11,D,360,R
29,3,11,D,360,R
30,4,5,A,360,R
31,2,5,A,361,R
32,3,12,D,372,R
33,4,6,A,372,R
34,1,12,D,372,R
35,2,6,A,373,R
36,1,13,D,377,R
37,3,13,D,384,R
38,4,7,A,384,R
39,1,14,D,384,R
40,2,7,A,385,R
41,1,15,D,396,R
42,3,14,D,396,R
43,4,8,A,396,R
44,2,8,A,397,R
45,4,9,A,408,R
46,1,16,D,408,R
47,3,15,D,408,R
48,2,9,A,409,R
49,3,16,D,420,R
50,4,10,A,420,R
51,1,17,D,420,R
52,2,10,A,421,R
53,4,11,A,432,R
54,3,17,D,432,R
55,1,18,D,432,R
56,2,11,A,433,R
57,1,19,D,437,R
58,4,12,A,444,R
59,3,18,D,444,R
60,1,20,D,444,R
61,2,12,A,445,R
62,4,13,A,456,R
63,1,21,D,456,R
64,3,19,D,456,R
65,2,13,A,457,R
66,4,14,A,468,R
67,1,22,D,468,R
68,3,20,D,468,R
69,2,14,A,469,R
70,1,23,D,480,R
71,3,21,D,480,R
72,4,15,A,480,R
73,2,15,A,481,R
74,3,22,D,492,R
75,1,24,D,492,R
76,4,16,A,492,R
77,2,16,A,493,R
78,1,25,D,497,R
79,4,17,A,504,R
80,3,23,D,504,R
81,1,26,D,504,R
82,2,17,A,505,R
83,3,24,D,516,R
84,1,27,D,516,R
85,4,18,A,516,R
86,2,18,A,517,R
87,4,19,A,528,R
88,1,28,D,528,R
89,3,25,D,528,R
90,2,19,A,529,R
91,1,29,D,540,R
92,4,20,A,540,R
93,3,26,D,540,R
94,2,20,A,541,R
95,4,21,A,552,R
96,1,30,D,552,R
97,3,27,D,552,R
98,2,21,A,553,R
99,3,28,D,564,R
100,4,22,A,564,R
101,1,31,D,564,R
102,2,22,A,565,R
103,1,32,D,576,R
104,3,29,D,576,R
105,4,23,A,576,R
106,2,23,A,577,R
107,1,33,D,588,R
108,3,30,D,588,R
109,4,24,A,588,R
110,2,24,A,589,R
111,1,34,D,600,R
112,3,31,D,600,R
113,4,25,A,600,R
114,2,25,A,601,R
115,1,35,D,612,R
116,4,26,A,612,R
117,3,32,D,612,R
118,2,26,A,613,R
119,4,27,A,624,R
120,1,36,D,624,R
121,3,33,D,624,R
122,2,27,A,625,R
123,1,37,D,636,R
124,4,28,A,636,R
125,3,34,D,636,R
126,2,28,A,637,R
127,4,29,A,648,R
128,1,38,D,648,R
129,3,35,D,648,R
130,2,29,A,649,R
131,1,39,D,660,R
132,4,30,A,660,R
133,3,36,D,660,R
134,2,30,A,661,R
135,1,40,D,672,R
136,3,37,D,672,R
137,4,31,A,672,R
138,2,31,A,673,R
139,4,32,A,684,R
140,1,41,D,684,R
141,3,38,D,684,R
142,2,32,A,685,R
143,4,33,A,696,R
144,1,42,D,696,R
145,3,39,D,696,R
146,2,33,A,697,R
147,3,40,D,708,R
148,1,43,D,708,R
149,4,34,A,708,R
150,2,34,A,709,R
151,3,41,D,720,R
152,1,44,D,720,R
153,4,35,A,720,R
154,2,35,A,721,R
155,3,42,D,732,R
156,1,45,D,732,R
157,4,36,A,732,R
158,2,36,A,733,R
159,3,43,D,744,R
160,4,37,A,744,R
161,1,46,D,744,R
162,2,37,A,745,R
163,4,38,A,756,R
164,1,47,D,756,R
165,3,44,D,756,R
166,2,38,A,757,R
167,1,48,D,768,R
168,3,45,D,768,R
169,4,39,A,768,R
170,2,39,A,769,R
171,3,46,D,780,R
172,1,49,D,780,R
173,4,40,A,780,R
174,2,40,A,781,R
175,1,50,D,792,R
176,4,41,A,792,R
177,3,47,D,792,R
178,2,41,A,793,R
179,4,42,A,804,R
180,3,48,D,804,R
181,1,51,D,804,R
182,2,42,A,805,R
183,1,52,D,816,R
184,4,43,A,816,R
185,3,49,D,816,R
186,2,43,A,817,R
187,4,44,A,828,R
188,3,50,D,828,R
189,1,53,D,828,R
190,2,44,A,829,R
191,4,45,A,840,R
192,3,51,D,840,R
193,1,54,D,840,R
194,2,45,A,841,R
195,3,52,D,852,R
196,1,55,D,852,R
197,4,46,A,852,R
198,2,46,A,853,R
199,1,56,D,864,R
200,4,47,A,864,R
201,3,53,D,864,R
202,2,47,A,865,R
203,1,57,D,876,R
204,4,48,A,876,R
205,3,54,D,876,R
206,2,48,A,877,R
207,4,49,A,888,R
208,3,55,D,888,R
209,1,58,D,888,R
210,2,49,A,889,R
211,3,56,D,900,R
212,4,50,A,900,R
213,1,59,D,900,R
214,2,50,A,901,R
215,3,57,D,912,R
216,1,60,D,912,R
217,4,51,A,912,R
218,2,51,A,913,R
219,4,52,A,924,R
220,1,61,D,924,R
221,3,58,D,924,R
222,2,52,A,925,R
223,1,62,D,936,R
224,3,59,D,936,R
225,4,53,A,936,R
226,2,53,A,937,R
227,4,54,A,948,R
228,1,63,D,948,R
229,3,60,D,948,R
230,2,54,A,949,R
231,4,55,A,960,R
232,3,61,D,960,R
233,1,64,D,960,R
234,2,55,A,961,R
235,4,56,A,972,R
236,1,65,D,972,R
237,3,62,D,972,R
238,2,56,A,973,R
239,3,63,D,984,R
240,1,66,D,984,R
241,4,57,A,984,R
242,2,57,A,985,R
243,2,58,A,990,R
244,1,67,D,996,R
245,4,58,A,996,R
246,3,64,D,996,R
247,2,59,A,997,R
248,3,65,D,1008,R
249,1,68,D,1008,R
250,4,59,A,1008,R
251,2,60,A,1009,R
252,4,60,A,1020,R
253,1,69,D,1020,R
254,3,66,D,1020,R
255,2,61,A,1021,R
256,3,67,D,1032,R
257,1,70,D,1032,R
258,4,61,A,1032,R
259,2,62,A,1033,R
260,1,71,D,1044,R
261,4,62,A,1044,R
262,3,68,D,1044,R
263,2,63,A,1045,R
264,2,64,A,1050,R
265,4,63,A,1056,R
266,3,69,D,1056,R
267,1,72,D,1056,R
268,2,65,A,1057,R
269,4,64,A,1068,R
270,1,73,D,1068,R
271,3,70,D,1068,R
272,2,66,A,1069,R
273,3,71,D,1080,R
274,4,65,A,1080,R
275,1,74,D,1080,R
276,2,67,A,1081,R
277,1,75,D,1092,R
278,4,66,A,1092,R
279,3,72,D,1092,R
280,2,68,A,1093,R
281,1,76,D,1104,R
282,3,73,D,1104,R
283,4,67,A,1104,R
284,2,69,A,1105,R
285,2,70,A,1110,R
286,1,77,D,1116,R
287,3,74,D,1116,R
288,4,68,A,1116,R
289,2,71,A,1117,R
290,4,69,A,1128,R
291,1,78,D,1128,R
292,3,75,D,1128,R
293,2,72,A,1129,R
294,4,70,A,1140,R
295,3,76,D,1140,R
296,2,73,A,1141,R
297,4,71,A,1152,R
298,2,74,A,1153,R
299,3,77,D,1155,R
300,4,72,A,1164,R
301,2,75,A,1165,R
302,3,78,D,1170,R
303,4,73,A,1176,R
304,2,76,A,1177,R
305,3,79,D,1185,R
306,4,74,A,1188,R
307,2,77,A,1189,R
308,3,80,D,1200,R
309,4,75,A,1200,R
310,2,78,A,1201,R
311,4,76,A,1212,R
312,3,81,D,1215,R
313,4,77,A,1227,R
314,3,82,D,1230,R
315,4,78,A,1242,R
316,3,83,D,1245,R
317,4,79,A,1257,R
318,3,84,D,1260,R
319,4,80,A,1272,R
320,3,85,D,1275,R
321,4,81,A,1287,R
322,3,86,D,1290,R
323,4,82,A,1302,R
324,3,87,D,1305,R
325,4,83,A,1317,R
326,3,88,D,1320,R
327,4,84,A,1332,R
328,3,89,D,1335,R
329,4,85,A,1347,R
330,3,90,D,1350,R
331,4,86,A,1362,R
332,3,91,D,1365,R
333,4,87,A,1377,R
334,3,92,D,1380,R
335,4,88,A,1392,R
336,3,93,D,1395,R
337,4,89,A,1407,R
338,3,94,D,1410,R
339,4,90,A,1422,R
340,3,95,D,1425,R
341,4,91,A,1437,R
342,3,96,D,1440,R
343,4,92,A,1452,R
344,4,93,A,1467,R
345,4,94,A,1482,R
346,4,95,A,1497,R
347,4,96,A,1512,R
0,2,1,D,240,M
1,2,2,D,252,M
2,2,3,D,264,M
3,2,4,D,276,M
4,2,5,D,288,M
5,2,6,D,300,M
6,2,7,D,312,M
7,1,1,A,313,M
8,2,8,D,324,M
9,1,2,A,325,M
10,2,9,D,336,M
11,1,3,A,337,M
12,2,10,D,348,M
13,1,4,A,349,M
14,2,11,D,360,M
15,1,5,A,361,M
16,2,12,D,372,M
17,1,6,A,373,M
18,2,13,D,384,M
19,1,7,A,385,M
20,2,14,D,396,M
21,1,8,A,397,M
22,2,15,D,408,M
23,1,9,A,409,M
24,2,16,D,420,M
25,1,10,A,421,M
26,2,17,D,432,M
27,1,11,A,433,M
28,2,18,D,444,M
29,1,12,A,445,M
30,1,13,A,450,M
31,2,19,D,456,M
32,1,14,A,457,M
33,2,20,D,468,M
34,1,15,A,469,M
35,2,21,D,480,M
36,1,16,A,481,M
37,2,22,D,492,M
38,1,17,A,493,M
39,2,23,D,504,M
40,1,18,A,505,M
41,1,19,A,510,M
42,2,24,D,516,M
43,1,20,A,517,M
44,2,25,D,528,M
45,1,21,A,529,M
46,2,26,D,540,M
47,1,22,A,541,M
48,2,27,D,552,M
49,1,23,A,553,M
50,2,28,D,564,M
51,1,24,A,565,M
52,1,25,A,570,M
53,2,29,D,576,M
54,1,26,A,577,M
55,2,30,D,588,M
56,1,27,A,589,M
57,2,31,D,600,M
58,1,28,A,601,M
59,2,32,D,612,M
60,1,29,A,613,M
61,2,33,D,624,M
62,1,30,A,625,M
63,2,34,D,636,M
64,1,31,A,637,M
65,2,35,D,648,M
66,1,32,A,649,M
67,2,36,D,660,M
68,1,33,A,661,M
69,2,37,D,672,M
70,1,34,A,673,M
71,2,38,D,684,M
72,1,35,A,685,M
73,2,39,D,696,M
74,1,36,A,697,M
75,2,40,D,708,M
76,1,37,A,709,M
77,2,41,D,720,M
78,1,38,A,721,M
79,2,42,D,732,M
80,1,39,A,733,M
81,2,43,D,744,M
82,1,40,A,745,M
83,2,44,D,756,M
84,1,41,A,757,M
85,2,45,D,768,M
86,1,42,A,769,M
87,2,46,D,780,M
88,1,43,A,781,M
89,2,47,D,792,M
90,1,44,A,793,M
91,2,48,D,804,M
92,1,45,A,805,M
93,2,49,D,816,M
94,1,46,A,817,M
95,2,50,D,828,M
96,1,47,A,829,M
97,2,51,D,840,M
98,1,48,A,841,M
99,2,52,D,852,M
100,1,49,A,853,M
101,2,53,D,864,M
102,1,50,A,865,M
103,2,54,D,876,M
104,1,51,A,877,M
105,2,55,D,888,M
106,1,52,A,889,M
107,2,56,D,900,M
108,1,53,A,901,M
109,2,57,D,912,M
110,1,54,A,913,M
111,2,58,D,917,M
112,2,59,D,924,M
113,1,55,A,925,M
114,2,60,D,936,M
115,1,56,A,937,M
116,2,61,D,948,M
117,1,57,A,949,M
118,2,62,D,960,M
119,1,58,A,961,M
120,2,63,D,972,M
121,1,59,A,973,M
122,2,64,D,977,M
123,2,65,D,984,M
124,1,60,A,985,M
125,2,66,D,996,M
126,1,61,A,997,M
127,2,67,D,1008,M
128,1,62,A,1009,M
129,2,68,D,1020,M
130,1,63,A,1021,M
131,2,69,D,1032,M
132,1,64,A,1033,M
133,2,70,D,1037,M
134,2,71,D,1044,M
135,1,65,A,1045,M
136,2,72,D,1056,M
137,1,66,A,1057,M
138,2,73,D,1068,M
139,1,67,A,1069,M
140,2,74,D,1080,M
141,1,68,A,1081,M
142,2,75,D,1092,M
143,1,69,A,1093,M
144,2,76,D,1104,M
145,1,70,A,1105,M
146,2,77,D,1116,M
147,1,71,A,1117,M
148,2,78,D,1128,M
149,1,72,A,1129,M
150,1,73,A,1141,M
151,1,74,A,1153,M
152,1,75,A,1165,M
153,1,76,A,1177,M
154,1,77,A,1189,M
155,1,78,A,1201,M
0,10,1,D,240,W
1,4,1,D,240,W
2,4,2,D,252,W
3,10,2,D,252,W
4,4,3,D,264,W
5,10,3,D,264,W
6,4,4,D,276,W
7,10,4,D,276,W
8,4,5,D,288,W
9,10,5,D,288,W
10,4,6,D,300,W
11,10,6,D,300,W
12,4,7,D,312,W
13,10,7,D,312,W
14,3,1,A,312,W
15,9,1,A,315,W
16,10,8,D,324,W
17,3,2,A,324,W
18,4,8,D,324,W
19,9,2,A,327,W
20,10,9,D,336,W
21,3,3,A,336,W
22,4,9,D,336,W
23,9,3,A,339,W
24,10,10,D,348,W
25,4,10,D,348,W
26,3,4,A,348,W
27,9,4,A,351,W
28,4,11,D,360,W
29,3,5,A,360,W
30,10,11,D,360,W
31,9,5,A,363,W
32,4,12,D,372,W
33,3,6,A,372,W
34,10,12,D,372,W
35,9,6,A,375,W
36,10,13,D,375,W
37,10,14,D,384,W
38,4,13,D,384,W
39,3,7,A,384,W
40,9,7,A,387,W
41,10,15,D,396,W
42,4,14,D,396,W
43,3,8,A,396,W
44,9,8,A,399,W
45,4,15,D,408,W
46,10,16,D,408,W
47,3,9,A,408,W
48,9,9,A,411,W
49,10,17,D,420,W
50,4,16,D,420,W
51,3,10,A,420,W
52,9,10,A,423,W
53,10,18,D,432,W
54,4,17,D,432,W
55,3,11,A,432,W
56,10,19,D,435,W
57,9,11,A,435,W
58,3,12,A,444,W
59,4,18,D,444,W
60,10,20,D,444,W
61,9,12,A,447,W
62,3,13,A,456,W
63,4,19,D,456,W
64,10,21,D,456,W
65,9,13,A,459,W
66,10,22,D,468,W
67,3,14,A,468,W
68,4,20,D,468,W
69,9,14,A,471,W
70,10,23,D,480,W
71,4,21,D,480,W
72,3,15,A,480,W
73,9,15,A,483,W
74,4,22,D,492,W
75,3,16,A,492,W
76,10,24,D,492,W
77,10,25,D,495,W
78,9,16,A,495,W
79,10,26,D,504,W
80,3,17,A,504,W
81,4,23,D,504,W
82,9,17,A,507,W
83,10,27,D,516,W
84,3,18,A,516,W
85,4,24,D,516,W
86,9,18,A,519,W
87,10,28,D,528,W
88,3,19,A,528,W
89,4,25,D,528,W
90,9,19,A,531,W
91,4,26,D,540,W
92,10,29,D,540,W
93,3,20,A,540,W
94,9,20,A,543,W
95,4,27,D,552,W
96,10,30,D,552,W
97,3,21,A,552,W
98,9,21,A,555,W
99,4,28,D,564,W
100,10,31,D,564,W
101,3,22,A,564,W
102,9,22,A,567,W
103,4,29,D,576,W
104,10,32,D,576,W
105,3,23,A,576,W
106,9,23,A,579,W
107,3,24,A,588,W
108,10,33,D,588,W
109,4,30,D,588,W
110,9,24,A,591,W
111,3,25,A,600,W
112,4,31,D,600,W
113,10,34,D,600,W
114,9,25,A,603,W
115,3,26,A,612,W
116,4,32,D,612,W
117,10,35,D,612,W
118,9,26,A,615,W
119,4,33,D,624,W
120,3,27,A,624,W
121,10,36,D,624,W
122,9,27,A,627,W
123,10,37,D,636,W
124,4,34,D,636,W
125,3,28,A,636,W
126,9,28,A,639,W
127,10,38,D,648,W
128,3,29,A,648,W
129,4,35,D,648,W
130,9,29,A,651,W
131,10,39,D,660,W
132,4,36,D,660,W
133,3,30,A,660,W
134,9,30,A,663,W
135,10,40,D,672,W
136,3,31,A,672,W
137,4,37,D,672,W
138,9,31,A,675,W
139,10,41,D,684,W
140,4,38,D,684,W
141,3,32,A,684,W
142,9,32,A,687,W
143,4,39,D,696,W
144,3,33,A,696,W
145,10,42,D,696,W
146,9,33,A,699,W
147,4,40,D,708,W
148,3,34,A,708,W
149,10,43,D,708,W
150,9,34,A,711,W
151,4,41,D,720,W
152,3,35,A,720,W
153,10,44,D,720,W
154,9,35,A,723,W
155,3,36,A,732,W
156,4,42,D,732,W
157,10,45,D,732,W
158,9,36,A,735,W
159,4,43,D,744,W
160,3,37,A,744,W
161,10,46,D,744,W
162,9,37,A,747,W
163,10,47,D,756,W
164,4,44,D,756,W
165,3,38,A,756,W
166,9,38,A,759,W
167,3,39,A,768,W
168,4,45,D,768,W
169,10,48,D,768,W
170,9,39,A,771,W
171,3,40,A,780,W
172,10,49,D,780,W
173,4,46,D,780,W
174,9,40,A,783,W
175,10,50,D,792,W
176,4,47,D,792,W
177,3,41,A,792,W
178,9,41,A,795,W
179,3,42,A,804,W
180,10,51,D,804,W
181,4,48,D,804,W
182,9,42,A,807,W
183,3,43,A,816,W
184,10,52,D,816,W
185,4,49,D,816,W
186,9,43,A,819,W
187,4,50,D,828,W
188,10,53,D,828,W
189,3,44,A,828,W
190,9,44,A,831,W
191,4,51,D,840,W
192,10,54,D,840,W
193,3,45,A,840,W
194,9,45,A,843,W
195,10,55,D,852,W
196,3,46,A,852,W
197,4,52,D,852,W
198,9,46,A,855,W
199,3,47,A,864,W
200,4,53,D,864,W
201,10,56,D,864,W
202,9,47,A,867,W
203,4,54,D,876,W
204,3,48,A,876,W
205,10,57,D,876,W
206,9,48,A,879,W
207,4,55,D,888,W
208,3,49,A,888,W
209,10,58,D,888,W
210,9,49,A,891,W
211,4,56,D,900,W
212,10,59,D,900,W
213,3,50,A,900,W
214,9,50,A,903,W
215,4,57,D,912,W
216,3,51,A,912,W
217,10,60,D,912,W
218,9,51,A,915,W
219,3,52,A,924,W
220,4,58,D,924,W
221,10,61,D,924,W
222,9,52,A,927,W
223,10,62,D,936,W
224,3,53,A,936,W
225,4,59,D,936,W
226,9,53,A,939,W
227,4,60,D,948,W
228,10,63,D,948,W
229,3,54,A,948,W
230,9,54,A,951,W
231,4,61,D,960,W
232,10,64,D,960,W
233,3,55,A,960,W
234,9,55,A,963,W
235,4,62,D,972,W
236,3,56,A,972,W
237,10,65,D,972,W
238,9,56,A,975,W
239,3,57,A,984,W
240,4,63,D,984,W
241,10,66,D,984,W
242,9,57,A,987,W
243,10,67,D,996,W
244,3,58,A,996,W
245,4,64,D,996,W
246,9,58,A,999,W
247,9,59,A,1005,W
248,4,65,D,1008,W
249,10,68,D,1008,W
250,3,59,A,1008,W
251,9,60,A,1011,W
252,3,60,A,1020,W
253,4,66,D,1020,W
254,10,69,D,1020,W
255,9,61,A,1023,W
256,3,61,A,1032,W
257,4,67,D,1032,W
258,10,70,D,1032,W
259,9,62,A,1035,W
260,4,68,D,1044,W
261,10,71,D,1044,W
262,3,62,A,1044,W
263,9,63,A,1047,W
264,10,72,D,1056,W
265,3,63,A,1056,W
266,4,69,D,1056,W
267,9,64,A,1059,W
268,9,65,A,1065,W
269,10,73,D,1068,W
270,3,64,A,1068,W
271,4,70,D,1068,W
272,9,66,A,1071,W
273,10,74,D,1080,W
274,3,65,A,1080,W
275,4,71,D,1080,W
276,9,67,A,1083,W
277,4,72,D,1092,W
278,10,75,D,1092,W
279,3,66,A,1092,W
280,9,68,A,1095,W
281,4,73,D,1104,W
282,10,76,D,1104,W
283,3,67,A,1104,W
284,9,69,A,1107,W
285,4,74,D,1116,W
286,10,77,D,1116,W
287,3,68,A,1116,W
288,9,70,A,1119,W
289,9,71,A,1125,W
290,10,78,D,1128,W
291,4,75,D,1128,W
292,3,69,A,1128,W
293,9,72,A,1131,W
294,3,70,A,1140,W
295,4,76,D,1140,W
296,10,79,D,1140,W
297,9,73,A,1143,W
298,3,71,A,1152,W
299,4,77,D,1155,W
300,9,74,A,1155,W
301,10,80,D,1155,W
302,3,72,A,1164,W
303,9,75,A,1167,W
304,10,81,D,1170,W
305,4,78,D,1170,W
306,3,73,A,1176,W
307,9,76,A,1179,W
308,10,82,D,1185,W
309,4,79,D,1185,W
310,3,74,A,1188,W
311,9,77,A,1191,W
312,4,80,D,1200,W
313,3,75,A,1200,W
314,10,83,D,1200,W
315,9,78,A,1203,W
316,3,76,A,1212,W
317,4,81,D,1215,W
318,9,79,A,1215,W
319,10,84,D,1215,W
320,3,77,A,1227,W
321,4,82,D,1230,W
322,9,80,A,1230,W
323,10,85,D,1230,W
324,3,78,A,1242,W
325,10,86,D,1245,W
326,9,81,A,1245,W
327,4,83,D,1245,W
328,3,79,A,1257,W
329,9,82,A,1260,W
330,4,84,D,1260,W
331,3,80,A,1272,W
332,9,83,A,1275,W
333,4,85,D,1275,W
334,3,81,A,1287,W
335,4,86,D,1290,W
336,9,84,A,1290,W
337,3,82,A,1302,W
338,4,87,D,1305,W
339,9,85,A,1305,W
340,3,83,A,1317,W
341,9,86,A,1320,W
342,4,88,D,1320,W
343,3,84,A,1332,W
344,4,89,D,1335,W
345,3,85,A,1347,W
346,4,90,D,1350,W
347,3,86,A,1362,W
348,4,91,D,1365,W
349,3,87,A,1377,W
350,4,92,D,1380,W
351,3,88,A,1392,W
352,4,93,D,1395,W
353,3,89,A,1407,W
354,4,94,D,1410,W
355,3,90,A,1422,W
356,4,95,D,1425,W
357,3,91,A,1437,W
358,4,96,D,1440,W
359,3,92,A,1452,W
360,3,93,A,1467,W
361,3,94,A,1482,W
362,3,95,A,1497,W
363,3,96,A,1512,W
0,5,1,D,240,D
1,9,1,D,240,D
2,5,2,D,252,D
3,9,2,D,252,D
4,5,3,D,264,D
5,9,3,D,264,D
6,9,4,D,276,D
7,5,4,D,276,D
8,5,5,D,288,D
9,9,5,D,288,D
10,5,6,D,300,D
11,9,6,D,300,D
12,6,1,A,312,D
13,5,7,D,312,D
14,9,7,D,312,D
15,10,1,A,315,D
16,6,2,A,324,D
17,9,8,D,324,D
18,5,8,D,324,D
19,10,2,A,327,D
20,9,9,D,336,D
21,6,3,A,336,D
22,5,9,D,336,D
23,10,3,A,339,D
24,9,10,D,348,D
25,6,4,A,348,D
26,5,10,D,348,D
27,10,4,A,351,D
28,9,11,D,360,D
29,5,11,D,360,D
30,6,5,A,360,D
31,10,5,A,363,D
32,5,12,D,372,D
33,9,12,D,372,D
34,6,6,A,372,D
35,10,6,A,375,D
36,5,13,D,384,D
37,9,13,D,384,D
38,6,7,A,384,D
39,10,7,A,387,D
40,5,14,D,396,D
41,6,8,A,396,D
42,9,14,D,396,D
43,10,8,A,399,D
44,6,9,A,408,D
45,5,15,D,408,D
46,9,15,D,408,D
47,10,9,A,411,D
48,5,16,D,420,D
49,6,10,A,420,D
50,9,16,D,420,D
51,10,10,A,423,D
52,6,11,A,432,D
53,9,17,D,432,D
54,5,17,D,432,D
55,10,11,A,435,D
56,9,18,D,444,D
57,6,12,A,444,D
58,5,18,D,444,D
59,10,12,A,447,D
60,10,13,A,450,D
61,6,13,A,450,D
62,6,14,A,456,D
63,9,19,D,456,D
64,5,19,D,456,D
65,10,14,A,459,D
66,6,15,A,468,D
67,5,20,D,468,D
68,9,20,D,468,D
69,10,15,A,471,D
70,5,21,D,480,D
71,6,16,A,480,D
72,9,21,D,480,D
73,10,16,A,483,D
74,5,22,D,492,D
75,9,22,D,492,D
76,6,17,A,492,D
77,10,17,A,495,D
78,5,23,D,504,D
79,6,18,A,504,D
80,9,23,D,504,D
81,10,18,A,507,D
82,10,19,A,510,D
83,6,19,A,510,D
84,9,24,D,516,D
85,5,24,D,516,D
86,6,20,A,516,D
87,10,20,A,519,D
88,6,21,A,528,D
89,9,25,D,528,D
90,5,25,D,528,D
91,10,21,A,531,D
92,6,22,A,540,D
93,9,26,D,540,D
94,5,26,D,540,D
95,10,22,A,543,D
96,5,27,D,552,D
97,9,27,D,552,D
98,6,23,A,552,D
99,10,23,A,555,D
100,5,28,D,564,D
101,6,24,A,564,D
102,9,28,D,564,D
103,10,24,A,567,D
104,6,25,A,570,D
105,10,25,A,570,D
106,5,29,D,576,D
107,9,29,D,576,D
108,6,26,A,576,D
109,10,26,A,579,D
110,6,27,A,588,D
111,5,30,D,588,D
112,9,30,D,588,D
113,10,27,A,591,D
114,5,31,D,600,D
115,9,31,D,600,D
116,6,28,A,600,D
117,10,28,A,603,D
118,5,32,D,612,D
119,9,32,D,612,D
120,6,29,A,612,D
121,10,29,A,615,D
122,9,33,D,624,D
123,6,30,A,624,D
124,5,33,D,624,D
125,10,30,A,627,D
126,6,31,A,636,D
127,5,34,D,636,D
128,9,34,D,636,D
129,10,31,A,639,D
130,5,35,D,648,D
131,6,32,A,648,D
132,9,35,D,648,D
133,10,32,A,651,D
134,5,36,D,660,D
135,6,33,A,660,D
136,9,36,D,660,D
137,10,33,A,663,D
138,9,37,D,672,D
139,5,37,D,672,D
140,6,34,A,672,D
141,10,34,A,675,D
142,5,38,D,684,D
143,6,35,A,684,D
144,9,38,D,684,D
145,10,35,A,687,D
146,9,39,D,696,D
147,5,39,D,696,D
148,6,36,A,696,D
149,10,36,A,699,D
150,5,40,D,708,D
151,6,37,A,708,D
152,9,40,D,708,D
153,10,37,A,711,D
154,9,41,D,720,D
155,5,41,D,720,D
156,6,38,A,720,D
157,10,38,A,723,D
158,9,42,D,732,D
159,6,39,A,732,D
160,5,42,D,732,D
161,10,39,A,735,D
162,5,43,D,744,D
163,9,43,D,744,D
164,6,40,A,744,D
165,10,40,A,747,D
166,5,44,D,756,D
167,6,41,A,756,D
168,9,44,D,756,D
169,10,41,A,759,D
170,9,45,D,768,D
171,6,42,A,768,D
172,5,45,D,768,D
173,10,42,A,771,D
174,5,46,D,780,D
175,6,43,A,780,D
176,9,46,D,780,D
177,10,43,A,783,D
178,9,47,D,792,D
179,5,47,D,792,D
180,6,44,A,792,D
181,10,44,A,795,D
182,5,48,D,804,D
183,6,45,A,804,D
184,9,48,D,804,D
185,10,45,A,807,D
186,5,49,D,816,D
187,9,49,D,816,D
188,6,46,A,816,D
189,10,46,A,819,D
190,9,50,D,828,D
191,6,47,A,828,D
192,5,50,D,828,D
193,10,47,A,831,D
194,5,51,D,840,D
195,6,48,A,840,D
196,9,51,D,840,D
197,10,48,A,843,D
198,5,52,D,852,D
199,6,49,A,852,D
200,9,52,D,852,D
201,10,49,A,855,D
202,9,53,D,864,D
203,5,53,D,864,D
204,6,50,A,864,D
205,10,50,A,867,D
206,6,51,A,876,D
207,9,54,D,876,D
208,5,54,D,876,D
209,10,51,A,879,D
210,9,55,D,888,D
211,6,52,A,888,D
212,5,55,D,888,D
213,10,52,A,891,D
214,6,53,A,900,D
215,5,56,D,900,D
216,9,56,D,900,D
217,10,53,A,903,D
218,6,54,A,912,D
219,9,57,D,912,D
220,5,57,D,912,D
221,10,54,A,915,D
222,5,58,D,918,D
223,5,59,D,924,D
224,9,58,D,924,D
225,6,55,A,924,D
226,10,55,A,927,D
227,9,59,D,930,D
228,5,60,D,936,D
229,9,60,D,936,D
230,6,56,A,936,D
231,10,56,A,939,D
232,5,61,D,948,D
233,9,61,D,948,D
234,6,57,A,948,D
235,10,57,A,951,D
236,5,62,D,960,D
237,6,58,A,960,D
238,9,62,D,960,D
239,10,58,A,963,D
240,6,59,A,972,D
241,5,63,D,972,D
242,9,63,D,972,D
243,10,59,A,975,D
244,5,64,D,978,D
245,9,64,D,984,D
246,5,65,D,984,D
247,6,60,A,984,D
248,10,60,A,987,D
249,9,65,D,990,D
250,6,61,A,996,D
251,5,66,D,996,D
252,9,66,D,996,D
253,10,61,A,999,D
254,5,67,D,1008,D
255,6,62,A,1008,D
256,9,67,D,1008,D
257,10,62,A,1011,D
258,6,63,A,1020,D
259,5,68,D,1020,D
260,9,68,D,1020,D
261,10,63,A,1023,D
262,6,64,A,1032,D
263,5,69,D,1032,D
264,9,69,D,1032,D
265,10,64,A,1035,D
266,5,70,D,1038,D
267,5,71,D,1044,D
268,9,70,D,1044,D
269,6,65,A,1044,D
270,10,65,A,1047,D
271,9,71,D,1050,D
272,5,72,D,1056,D
273,6,66,A,1056,D
274,9,72,D,1056,D
275,10,66,A,1059,D
276,6,67,A,1068,D
277,9,73,D,1068,D
278,5,73,D,1068,D
279,10,67,A,1071,D
280,9,74,D,1080,D
281,5,74,D,1080,D
282,6,68,A,1080,D
283,10,68,A,1083,D
284,6,69,A,1092,D
285,5,75,D,1092,D
286,9,75,D,1092,D
287,10,69,A,1095,D
288,5,76,D,1104,D
289,9,76,D,1104,D
290,6,70,A,1104,D
291,10,70,A,1107,D
292,5,77,D,1116,D
293,9,77,D,1116,D
294,6,71,A,1116,D
295,10,71,A,1119,D
296,5,78,D,1128,D
297,6,72,A,1128,D
298,9,78,D,1128,D
299,10,72,A,1131,D
300,5,79,D,1140,D
301,6,73,A,1140,D
302,9,79,D,1140,D
303,10,73,A,1143,D
304,6,74,A,1152,D
305,9,80,D,1155,D
306,10,74,A,1155,D
307,5,80,D,1155,D
308,6,75,A,1164,D
309,10,75,A,1167,D
310,9,81,D,1170,D
311,5,81,D,1170,D
312,6,76,A,1176,D
313,10,76,A,1179,D
314,5,82,D,1185,D
315,9,82,D,1185,D
316,6,77,A,1188,D
317,10,77,A,1191,D
318,6,78,A,1200,D
319,9,83,D,1200,D
320,5,83,D,1200,D
321,10,78,A,1203,D
322,6,79,A,1212,D
323,5,84,D,1215,D
324,10,79,A,1215,D
325,9,84,D,1215,D
326,6,80,A,1227,D
327,9,85,D,1230,D
328,5,85,D,1230,D
329,10,80,A,1230,D
330,6,81,A,1242,D
331,9,86,D,1245,D
332,5,86,D,1245,D
333,10,81,A,1245,D
334,6,82,A,1257,D
335,5,87,D,1260,D
336,10,82,A,1260,D
337,6,83,A,1272,D
338,10,83,A,1275,D
339,5,88,D,1275,D
340,6,84,A,1287,D
341,5,89,D,1290,D
342,10,84,A,1290,D
343,6,85,A,1302,D
344,5,90,D,1305,D
345,10,85,A,1305,D
346,6,86,A,1317,D
347,10,86,A,1320,D
348,5,91,D,1320,D
349,6,87,A,1332,D
350,5,92,D,1335,D
351,6,88,A,1347,D
352,5,93,D,1350,D
353,6,89,A,1362,D
354,5,94,D,1365,D
355,6,90,A,1377,D
356,5,95,D,1380,D
357,6,91,A,1392,D
358,5,96,D,1395,D
359,6,92,A,1407,D
360,5,97,D,1410,D
361,6,93,A,1422,D
362,5,98,D,1425,D
363,6,94,A,1437,D
364,5,99,D,1440,D
365,6,95,A,1452,D
366,6,96,A,1467,D
367,6,97,A,1482,D
368,6,98,A,1497,D
369,6,99,A,1512,D
0,6,1,D,240,E
1,6,2,D,252,E
2,6,3,D,264,E
3,6,4,D,276,E
4,6,5,D,288,E
5,6,6,D,300,E
6,6,7,D,312,E
7,5,1,A,312,E
8,6,8,D,324,E
9,5,2,A,324,E
10,6,9,D,336,E
11,5,3,A,336,E
12,6,10,D,348,E
13,5,4,A,348,E
14,6,11,D,360,E
15,5,5,A,360,E
16,6,12,D,372,E
17,5,6,A,372,E
18,6,13,D,378,E
19,5,7,A,384,E
20,6,14,D,384,E
21,5,8,A,396,E
22,6,15,D,396,E
23,6,16,D,408,E
24,5,9,A,408,E
25,5,10,A,420,E
26,6,17,D,420,E
27,6,18,D,432,E
28,5,11,A,432,E
29,6,19,D,438,E
30,6,20,D,444,E
31,5,12,A,444,E
32,5,13,A,456,E
33,6,21,D,456,E
34,5,14,A,468,E
35,6,22,D,468,E
36,5,15,A,480,E
37,6,23,D,480,E
38,6,24,D,492,E
39,5,16,A,492,E
40,6,25,D,498,E
41,5,17,A,504,E
42,6,26,D,504,E
43,6,27,D,516,E
44,5,18,A,516,E
45,5,19,A,528,E
46,6,28,D,528,E
47,5,20,A,540,E
48,6,29,D,540,E
49,5,21,A,552,E
50,6,30,D,552,E
51,6,31,D,564,E
52,5,22,A,564,E
53,6,32,D,576,E
54,5,23,A,576,E
55,6,33,D,588,E
56,5,24,A,588,E
57,5,25,A,600,E
58,6,34,D,600,E
59,6,35,D,612,E
60,5,26,A,612,E
61,6,36,D,624,E
62,5,27,A,624,E
63,6,37,D,636,E
64,5,28,A,636,E
65,6,38,D,648,E
66,5,29,A,648,E
67,6,39,D,660,E
68,5,30,A,660,E
69,5,31,A,672,E
70,6,40,D,672,E
71,6,41,D,684,E
72,5,32,A,684,E
73,6,42,D,696,E
74,5,33,A,696,E
75,6,43,D,708,E
76,5,34,A,708,E
77,6,44,D,720,E
78,5,35,A,720,E
79,6,45,D,732,E
80,5,36,A,732,E
81,6,46,D,744,E
82,5,37,A,744,E
83,6,47,D,756,E
84,5,38,A,756,E
85,6,48,D,768,E
86,5,39,A,768,E
87,6,49,D,780,E
88,5,40,A,780,E
89,5,41,A,792,E
90,6,50,D,792,E
91,5,42,A,804,E
92,6,51,D,804,E
93,5,43,A,816,E
94,6,52,D,816,E
95,6,53,D,828,E
96,5,44,A,828,E
97,6,54,D,840,E
98,5,45,A,840,E
99,6,55,D,852,E
100,5,46,A,852,E
101,6,56,D,864,E
102,5,47,A,864,E
103,6,57,D,876,E
104,5,48,A,876,E
105,6,58,D,888,E
106,5,49,A,888,E
107,6,59,D,900,E
108,5,50,A,900,E
109,5,51,A,912,E
110,6,60,D,912,E
111,5,52,A,924,E
112,6,61,D,924,E
113,5,53,A,936,E
114,6,62,D,936,E
115,6,63,D,948,E
116,5,54,A,948,E
117,6,64,D,960,E
118,5,55,A,960,E
119,5,56,A,972,E
120,6,65,D,972,E
121,5,57,A,984,E
122,6,66,D,984,E
123,5,58,A,990,E
124,5,59,A,996,E
125,6,67,D,996,E
126,6,68,D,1008,E
127,5,60,A,1008,E
128,6,69,D,1020,E
129,5,61,A,1020,E
130,6,70,D,1032,E
131,5,62,A,1032,E
132,5,63,A,1044,E
133,6,71,D,1044,E
134,5,64,A,1050,E
135,5,65,A,1056,E
136,6,72,D,1056,E
137,6,73,D,1068,E
138,5,66,A,1068,E
139,5,67,A,1080,E
140,6,74,D,1080,E
141,5,68,A,1092,E
142,6,75,D,1092,E
143,6,76,D,1104,E
144,5,69,A,1104,E
145,5,70,A,1110,E
146,5,71,A,1116,E
147,6,77,D,1116,E
148,6,78,D,1128,E
149,5,72,A,1128,E
150,5,73,A,1140,E
151,6,79,D,1140,E
152,5,74,A,1152,E
153,6,80,D,1155,E
154,5,75,A,1164,E
155,6,81,D,1170,E
156,5,76,A,1176,E
157,6,82,D,1185,E
158,5,77,A,1188,E
159,5,78,A,1200,E
160,6,83,D,1200,E
161,5,79,A,1212,E
162,6,84,D,1215,E
163,5,80,A,1227,E
164,6,85,D,1230,E
165,5,81,A,1242,E
166,6,86,D,1245,E
167,5,82,A,1257,E
168,6,87,D,1260,E
169,5,83,A,1272,E
170,6,88,D,1275,E
171,5,84,A,1287,E
172,6,89,D,1290,E
173,5,85,A,1302,E
174,6,90,D,1305,E
175,5,86,A,1317,E
176,6,91,D,1320,E
177,5,87,A,1332,E
178,6,92,D,1335,E
179,5,88,A,1347,E
180,6,93,D,1350,E
181,5,89,A,1362,E
182,6,94,D,1365,E
183,5,90,A,1377,E
184,6,95,D,1380,E
185,5,91,A,1392,E
186,6,96,D,1395,E
187,5,92,A,1407,E
188,6,97,D,1410,E
189,5,93,A,1422,E
190,6,98,D,1425,E
191,5,94,A,1437,E
192,6,99,D,1440,E
193,5,95,A,1452,E
194,5,96,A,1467,E
195,5,97,A,1482,E
196,5,98,A,1497,E
197,5,99,A,1512,E
0,7,1,D,240,P
1,7,2,D,252,P
2,7,3,D,264,P
3,7,4,D,276,P
4,7,5,D,288,P
5,7,6,D,300,P
6,7,7,D,312,P
7,8,1,A,313,P
8,7,8,D,324,P
9,8,2,A,325,P
10,7,9,D,336,P
11,8,3,A,337,P
12,7,10,D,348,P
13,8,4,A,349,P
14,7,11,D,360,P
15,8,5,A,361,P
16,7,12,D,367,P
17,7,13,D,372,P
18,8,6,A,373,P
19,7,14,D,384,P
20,8,7,A,385,P
21,7,15,D,387,P
22,7,16,D,396,P
23,8,8,A,397,P
24,7,17,D,407,P
25,7,18,D,408,P
26,8,9,A,409,P
27,7,19,D,415,P
28,7,20,D,420,P
29,8,10,A,421,P
30,7,21,D,423,P
31,7,22,D,431,P
32,7,23,D,432,P
33,8,11,A,433,P
34,7,24,D,439,P
35,7,25,D,444,P
36,8,12,A,445,P
37,7,26,D,447,P
38,7,27,D,455,P
39,7,28,D,456,P
40,8,13,A,457,P
41,7,29,D,463,P
42,7,30,D,468,P
43,8,14,A,469,P
44,7,31,D,480,P
45,8,15,A,481,P
46,7,32,D,487,P
47,7,33,D,492,P
48,8,16,A,493,P
49,7,34,D,504,P
50,8,17,A,505,P
51,7,35,D,507,P
52,7,36,D,516,P
53,8,18,A,517,P
54,7,37,D,527,P
55,7,38,D,528,P
56,8,19,A,529,P
57,7,39,D,540,P
58,8,20,A,541,P
59,7,40,D,552,P
60,8,21,A,553,P
61,7,41,D,564,P
62,8,22,A,565,P
63,7,42,D,576,P
64,8,23,A,577,P
65,7,43,D,588,P
66,8,24,A,589,P
67,7,44,D,600,P
68,8,25,A,601,P
69,7,45,D,612,P
70,8,26,A,613,P
71,7,46,D,624,P
72,8,27,A,625,P
73,7,47,D,636,P
74,8,28,A,637,P
75,7,48,D,648,P
76,8,29,A,649,P
77,7,49,D,660,P
78,8,30,A,661,P
79,7,50,D,672,P
80,8,31,A,673,P
81,7,51,D,684,P
82,8,32,A,685,P
83,7,52,D,696,P
84,8,33,A,697,P
85,7,53,D,708,P
86,8,34,A,709,P
87,7,54,D,720,P
88,8,35,A,721,P
89,7,55,D,732,P
90,8,36,A,733,P
91,7,56,D,744,P
92,8,37,A,745,P
93,7,57,D,756,P
94,8,38,A,757,P
95,7,58,D,768,P
96,8,39,A,769,P
97,7,59,D,780,P
98,8,40,A,781,P
99,7,60,D,792,P
100,8,41,A,793,P
101,7,61,D,804,P
102,8,42,A,805,P
103,7,62,D,816,P
104,8,43,A,817,P
105,7,63,D,828,P
106,8,44,A,829,P
107,7,64,D,840,P
108,8,45,A,841,P
109,7,65,D,852,P
110,8,46,A,853,P
111,7,66,D,864,P
112,8,47,A,865,P
113,7,67,D,876,P
114,8,48,A,877,P
115,7,68,D,888,P
116,8,49,A,889,P
117,7,69,D,900,P
118,8,50,A,901,P
119,7,70,D,912,P
120,8,51,A,913,P
121,7,71,D,924,P
122,8,52,A,925,P
123,7,72,D,936,P
124,8,53,A,937,P
125,7,73,D,948,P
126,8,54,A,949,P
127,7,74,D,960,P
128,8,55,A,961,P
129,7,75,D,972,P
130,8,56,A,973,P
131,8,57,A,980,P
132,7,76,D,984,P
133,8,58,A,985,P
134,7,77,D,996,P
135,8,59,A,997,P
136,8,60,A,1000,P
137,7,78,D,1008,P
138,8,61,A,1009,P
139,7,79,D,1020,P
140,8,62,A,1020,P
141,8,63,A,1021,P
142,8,64,A,1028,P
143,7,80,D,1032,P
144,8,65,A,1033,P
145,8,66,A,1036,P
146,7,81,D,1044,P
147,8,67,A,1044,P
148,8,68,A,1045,P
149,8,69,A,1052,P
150,7,82,D,1056,P
151,8,70,A,1057,P
152,8,71,A,1060,P
153,7,83,D,1068,P
154,8,72,A,1068,P
155,8,73,A,1069,P
156,8,74,A,1076,P
157,7,84,D,1080,P
158,8,75,A,1081,P
159,7,85,D,1092,P
160,8,76,A,1093,P
161,8,77,A,1100,P
162,7,86,D,1104,P
163,8,78,A,1105,P
164,7,87,D,1116,P
165,8,79,A,1117,P
166,8,80,A,1120,P
167,7,88,D,1128,P
168,8,81,A,1129,P
169,8,82,A,1140,P
170,7,89,D,1140,P
171,8,83,A,1141,P
172,8,84,A,1153,P
173,7,90,D,1155,P
174,8,85,A,1165,P
175,7,91,D,1170,P
176,8,86,A,1177,P
177,7,92,D,1185,P
178,8,87,A,1189,P
179,7,93,D,1200,P
180,8,88,A,1201,P
181,8,89,A,1213,P
182,7,94,D,1215,P
183,8,90,A,1228,P
184,7,95,D,1230,P
185,8,91,A,1243,P
186,7,96,D,1245,P
187,8,92,A,1258,P
188,7,97,D,1260,P
189,8,93,A,1273,P
190,7,98,D,1275,P
191,8,94,A,1288,P
192,7,99,D,1290,P
193,8,95,A,1303,P
194,7,100,D,1305,P
195,8,96,A,1318,P
196,7,101,D,1320,P
197,8,97,A,1333,P
198,7,102,D,1335,P
199,8,98,A,1348,P
200,7,103,D,1350,P
201,8,99,A,1363,P
202,7,104,D,1365,P
203,8,100,A,1378,P
204,7,105,D,1380,P
205,8,101,A,1393,P
206,7,106,D,1395,P
207,8,102,A,1408,P
208,7,107,D,1410,P
209,8,103,A,1423,P
210,7,108,D,1425,P
211,8,104,A,1438,P
212,7,109,D,1440,P
213,8,105,A,1453,P
214,8,106,A,1468,P
215,8,107,A,1483,P
216,8,108,A,1498,P
217,8,109,A,1513,P
0,8,1,D,240,S
1,8,2,D,252,S
2,8,3,D,264,S
3,8,4,D,276,S
4,8,5,D,288,S
5,8,6,D,300,S
6,8,7,D,312,S
7,7,1,A,313,S
8,8,8,D,324,S
9,7,2,A,325,S
10,8,9,D,336,S
11,7,3,A,337,S
12,8,10,D,348,S
13,7,4,A,349,S
14,8,11,D,360,S
15,7,5,A,361,S
16,8,12,D,372,S
17,7,6,A,373,S
18,8,13,D,384,S
19,7,7,A,385,S
20,8,14,D,396,S
21,7,8,A,397,S
22,8,15,D,408,S
23,7,9,A,409,S
24,8,16,D,420,S
25,7,10,A,421,S
26,8,17,D,432,S
27,7,11,A,433,S
28,7,12,A,440,S
29,8,18,D,444,S
30,7,13,A,445,S
31,8,19,D,456,S
32,7,14,A,457,S
33,7,15,A,460,S
34,8,20,D,468,S
35,7,16,A,469,S
36,8,21,D,480,S
37,7,17,A,480,S
38,7,18,A,481,S
39,7,19,A,488,S
40,8,22,D,492,S
41,7,20,A,493,S
42,7,21,A,496,S
43,8,23,D,504,S
44,7,22,A,504,S
45,7,23,A,505,S
46,7,24,A,512,S
47,8,24,D,516,S
48,7,25,A,517,S
49,7,26,A,520,S
50,8,25,D,528,S
51,7,27,A,528,S
52,7,28,A,529,S
53,7,29,A,536,S
54,8,26,D,540,S
55,7,30,A,541,S
56,8,27,D,552,S
57,7,31,A,553,S
58,7,32,A,560,S
59,8,28,D,564,S
60,7,33,A,565,S
61,8,29,D,576,S
62,7,34,A,577,S
63,7,35,A,580,S
64,8,30,D,588,S
65,7,36,A,589,S
66,8,31,D,600,S
67,7,37,A,600,S
68,7,38,A,601,S
69,8,32,D,612,S
70,7,39,A,613,S
71,8,33,D,624,S
72,7,40,A,625,S
73,8,34,D,636,S
74,7,41,A,637,S
75,8,35,D,648,S
76,7,42,A,649,S
77,8,36,D,660,S
78,7,43,A,661,S
79,8,37,D,672,S
80,7,44,A,673,S
81,8,38,D,684,S
82,7,45,A,685,S
83,8,39,D,696,S
84,7,46,A,697,S
85,8,40,D,708,S
86,7,47,A,709,S
87,8,41,D,720,S
88,7,48,A,721,S
89,8,42,D,732,S
90,7,49,A,733,S
91,8,43,D,744,S
92,7,50,A,745,S
93,8,44,D,756,S
94,7,51,A,757,S
95,8,45,D,768,S
96,7,52,A,769,S
97,8,46,D,780,S
98,7,53,A,781,S
99,8,47,D,792,S
100,7,54,A,793,S
101,8,48,D,804,S
102,7,55,A,805,S
103,8,49,D,816,S
104,7,56,A,817,S
105,8,50,D,828,S
106,7,57,A,829,S
107,8,51,D,840,S
108,7,58,A,841,S
109,8,52,D,852,S
110,7,59,A,853,S
111,8,53,D,864,S
112,7,60,A,865,S
113,8,54,D,876,S
114,7,61,A,877,S
115,8,55,D,888,S
116,7,62,A,889,S
117,8,56,D,900,S
118,7,63,A,901,S
119,8,57,D,907,S
120,8,58,D,912,S
121,7,64,A,913,S
122,8,59,D,924,S
123,7,65,A,925,S
124,8,60,D,927,S
125,8,61,D,936,S
126,7,66,A,937,S
127,8,62,D,947,S
128,8,63,D,948,S
129,7,67,A,949,S
130,8,64,D,955,S
131,8,65,D,960,S
132,7,68,A,961,S
133,8,66,D,963,S
134,8,67,D,971,S
135,8,68,D,972,S
136,7,69,A,973,S
137,8,69,D,979,S
138,8,70,D,984,S
139,7,70,A,985,S
140,8,71,D,987,S
141,8,72,D,995,S
142,8,73,D,996,S
143,7,71,A,997,S
144,8,74,D,1003,S
145,8,75,D,1008,S
146,7,72,A,1009,S
147,8,76,D,1020,S
148,7,73,A,1021,S
149,8,77,D,1027,S
150,8,78,D,1032,S
151,7,74,A,1033,S
152,8,79,D,1044,S
153,7,75,A,1045,S
154,8,80,D,1047,S
155,8,81,D,1056,S
156,7,76,A,1057,S
157,8,82,D,1067,S
158,8,83,D,1068,S
159,7,77,A,1069,S
160,8,84,D,1080,S
161,7,78,A,1081,S
162,8,85,D,1092,S
163,7,79,A,1093,S
164,8,86,D,1104,S
165,7,80,A,1105,S
166,8,87,D,1116,S
167,7,81,A,1117,S
168,8,88,D,1128,S
169,7,82,A,1129,S
170,8,89,D,1140,S
171,7,83,A,1141,S
172,7,84,A,1153,S
173,8,90,D,1155,S
174,7,85,A,1165,S
175,8,91,D,1170,S
176,7,86,A,1177,S
177,8,92,D,1185,S
178,7,87,A,1189,S
179,8,93,D,1200,S
180,7,88,A,1201,S
181,7,89,A,1213,S
182,8,94,D,1215,S
183,7,90,A,1228,S
184,8,95,D,1230,S
185,7,91,A,1243,S
186,8,96,D,1245,S
187,7,92,A,1258,S
188,8,97,D,1260,S
189,7,93,A,1273,S
190,8,98,D,1275,S
191,7,94,A,1288,S
192,8,99,D,1290,S
193,7,95,A,1303,S
194,8,100,D,1305,S
195,7,96,A,1318,S
196,8,101,D,1320,S
197,7,97,A,1333,S
198,8,102,D,1335,S
199,7,98,A,1348,S
200,8,103,D,1350,S
201,7,99,A,1363,S
202,8,104,D,1365,S
203,7,100,A,1378,S
204,8,105,D,1380,S
205,7,101,A,1393,S
206,8,106,D,1395,S
207,7,102,A,1408,S
208,8,107,D,1410,S
209,7,103,A,1423,S
210,8,108,D,1425,S
211,7,104,A,1438,S
212,8,109,D,1440,S
213,7,105,A,1453,S
214,7,106,A,1468,S
215,7,107,A,1483,S
216,7,108,A,1498,S
217,7,109,A,1513,S